16Z4HRdCeJnF8oKbtOmo4rNaUBCskSbyc,15628.txt,RawConvert |--> 15628.txt,1128287,
1LXNbABSpCPttuv0vqYiVHVENUhTIBkBq,15629.txt,RawConvert |--> 15629.txt,529963,
1SKTUxJSBT9c6kcE4WE_8QV0084Bvh3rt,15630.txt,RawConvert |--> 15630.txt,939153,
1wnoiyAuYtnESe3RMNXBrUW6DuXIWI8ue,15631.txt,RawConvert |--> 15631.txt,292688,
1JuLQJn_ynwrAc9FR0rsAOEMGU59lVQEm,15632.txt,RawConvert |--> 15632.txt,358375,
13WWCoZPkw27CWFqtSHT_c5K03ep0q80i,15633.txt,RawConvert |--> 15633.txt,999392,
1JT6modGNWD2-XlO6ExwCa7N-_PvxLywc,15634.txt,RawConvert |--> 15634.txt,506049,
1wlaaUKv3wwJbgzCOacXp8frmgYBwejfw,15635.txt,RawConvert |--> 15635.txt,939301,
1aII4MKmvhkYiM5l9ez_blOPLlJyfw9ti,15636.txt,RawConvert |--> 15636.txt,1427296,
1iihA8MyD3GN3dJXN7y0qxu6XQW6yebki,15637.txt,RawConvert |--> 15637.txt,353125,
1SDsVkG-Xi1JDsq3qHC92dqwa5h5ZlJNS,15638.txt,RawConvert |--> 15638.txt,1457245,
1NuSA4wDYKX5JQXKEC3eWX4L_X7gJmgQb,15639.txt,RawConvert |--> 15639.txt,341310,
1ie515c1eSsNcSEUJWVj0MPnLI3rz1qaW,15641.txt,RawConvert |--> 15641.txt,1441185,
1wAojgc9Jt8TYnOmWu0d4rmfAxEyinq-y,15642.txt,RawConvert |--> 15642.txt,1453419,
1vglsrRVyH1dd0JuPlZfV9-3jGIkkRVAs,15643.txt,RawConvert |--> 15643.txt,1556413,
1lhmL9DJs5xKxADAbjOS9P7ifjZv4xYaZ,15644.txt,RawConvert |--> 15644.txt,1504003,
1pdDkjPUDiWQLnvFzK63jB0FpTBC-40EW,15645.txt,RawConvert |--> 15645.txt,1700230,
1N0Plxauoayn3uOdWXtIoV2gD6YiPvYkA,15646.txt,RawConvert |--> 15646.txt,1055472,
1AsuFYkXdzvtRlLH0A5jwcuVchiXE0VL8,15647.txt,RawConvert |--> 15647.txt,1281941,
14lJ__fBXlfO7GDSyn8FZyAEHbVqZ9S8H,15648.txt,RawConvert |--> 15648.txt,1549449,
1fs9ELLap_J5FQenc91E32lh3Nm19tXHE,15650.txt,RawConvert |--> 15650.txt,1821379,
1QUHrShhqFkX5IxPMQVpmQVuHYccAyShB,15651.txt,RawConvert |--> 15651.txt,1624689,
1H5udYvKNHu1xS4K0_ci23Cx1qP0ydOTD,15652.txt,RawConvert |--> 15652.txt,1652594,
1nntq6fxdrJqCIjzvnhWKvhHtmR1H7p8p,15653.txt,RawConvert |--> 15653.txt,1641196,
1Dtl9NVDM-NY7ZRMe4r6ybESdO8vkUfU0,15654.txt,RawConvert |--> 15654.txt,1286033,
1SK0RbsZpX2mAO4s0v0VLkV6Wz5Zzwsid,15655.txt,RawConvert |--> 15655.txt,1385876,
1HJ8dfGhDuxGhU0H1gkYSvhTszZ0WXNrE,15656.txt,RawConvert |--> 15656.txt,1703307,
1TDnAgqxArsrgc4UibV5rNz6A2t-h9jhQ,15657.txt,RawConvert |--> 15657.txt,1679406,
1gOV-8fP0F9st5_7Tsy-ZfmMqiiohzjjj,15659.txt,RawConvert |--> 15659.txt,1976131,
10hBfdgamPLVHzhh0c60aPpXZWYOK_jsi,15660.txt,RawConvert |--> 15660.txt,458834,
1SkvkDIQvExnFVU249rDzmg4cxTLUpNni,15661.txt,RawConvert |--> 15661.txt,286398,
1bsVVxdek51GozIPn5OF7Q59qOVf34mKR,15662.txt,RawConvert |--> 15662.txt,583569,
1oESyjrluAEhMwgojWkseiYsUnWHiUD46,15663.txt,RawConvert |--> 15663.txt,585660,
1OjYroTt3gdaBI4DhuLXWKJG3PDR7bjP-,15664.txt,RawConvert |--> 15664.txt,656029,
1TwS3u4cxT5PLz92teW8xkej6nVCteVwV,15665.txt,RawConvert |--> 15665.txt,680691,
13rvxt3Gs2a3HbmPISDCeU1BY5DeZs7Y8,15666.txt,RawConvert |--> 15666.txt,1906169,
1u21dKaeufhV6f2HAtmcN3c0Cc7MPs70n,15667.txt,RawConvert |--> 15667.txt,1261197,
1NDCkT1-0yWFLRK9nGyQ54iQ8Rijb1ZC8,15669.txt,RawConvert |--> 15669.txt,1232364,
15NfohtdLnJ21cMpX7i8iKIElqdp_m3_5,15671.txt,RawConvert |--> 15671.txt,1289269,
1YN8dLIak0JKF3ka58rMT7gFKIrWj4byW,15672.txt,RawConvert |--> 15672.txt,1017253,
1za1fW068OrtiwOwhlQJT-Om9IGY6ioLI,15673.txt,RawConvert |--> 15673.txt,1594900,
1s-1JkBeyqnHESZEU6wV3QcehTMS-K0HH,15674.txt,RawConvert |--> 15674.txt,998792,
1-gvbNktsOO_o5ovXsI-EV0L2Sn6oBrS7,15675.txt,RawConvert |--> 15675.txt,966438,
1gcO70Wu2q2vyxA0Fkd0p6faRNu8nMnmW,15676.txt,RawConvert |--> 15676.txt,981616,
1CoVYVS35WRLAlMTHGPIvc8Pk-vDT5DcI,15678.txt,RawConvert |--> 15678.txt,1297355,
13sRWXmcqxwlr0re8kuPByII14OHQrE5i,15679.txt,RawConvert |--> 15679.txt,800023,
1qKMPOFsn8rKrK0ZSGE3lORA21ny5F8DV,15680.txt,RawConvert |--> 15680.txt,1275891,
1OUDyaT6PSUJyVWOqbtVLQ0XC2T-gDNyl,15681.txt,RawConvert |--> 15681.txt,1406498,
1IxVhk2BLsK7TgxxJs43gF19FAybddAsw,15682.txt,RawConvert |--> 15682.txt,1402532,
1VcJ_g_C5iWF2YqFGBqqtB6vSwnFGi02J,15684.txt,RawConvert |--> 15684.txt,1810136,
1f4PMhFjc0jhLceWXWCjMC4la_6i1YTj1,15686.txt,RawConvert |--> 15686.txt,781806,
1u-1j3b_MbsvtdbsvEa3OidgLmupCqDAm,15687.txt,RawConvert |--> 15687.txt,448722,
1wMBTqVD9eHyuDlvVOxOt9dpYy5G3ot-N,15689.txt,RawConvert |--> 15689.txt,712013,
1wZPw9nRs8VyDSeIVQYVA1TOFQt_YwYQF,15690.txt,RawConvert |--> 15690.txt,746594,
1K3QnIPea2mMtMeQ1lvksGWLLk952FSmF,15691.txt,RawConvert |--> 15691.txt,984015,
1hqVfWRXnWs731Xihgw9oeqtyp0CoRG5a,15692.txt,RawConvert |--> 15692.txt,787868,
1yKan-ZGUYED3pSbo0VakAaw89mbWAPYl,15693.txt,RawConvert |--> 15693.txt,148436,
1GhkUV68VyJy7k2EBSXBBx-FxTGATi9CV,15694.txt,RawConvert |--> 15694.txt,1758639,
1IJjn6_aICJZ3yC3ASNTh16qp7bgoyp9V,15696.txt,RawConvert |--> 15696.txt,342958,
1w_omWnlmXvE8KcdqVMc_guknGD9RIJBh,15697.txt,RawConvert |--> 15697.txt,356846,
1EqghGEiaWAnKa5BMt4InUUKmNIfBBug4,15698.txt,RawConvert |--> 15698.txt,340678,
1Ctap5W6wj8nViyBs6KhtgkiqWrDK2zCJ,15699.txt,RawConvert |--> 15699.txt,355600,
1UG9FafrMlryTnCRmEqU-hfiiS-9aodzh,15700.txt,RawConvert |--> 15700.txt,389948,
1pbx_EDAC6NSsQgk7ytbN_HJN6EMgGYTA,15701.txt,RawConvert |--> 15701.txt,322684,
1M407GxH_04Le7Xb7zN_BbidMW6YKndIH,15702.txt,RawConvert |--> 15702.txt,360389,
1srzY9wsOlXBm_mHAiMz4Auma45sdJ4Dq,15703.txt,RawConvert |--> 15703.txt,378094,
1TsNPSvRgfTOLffZytFFxeCS56IWtdhSV,15704.txt,RawConvert |--> 15704.txt,394382,
1NMk_6BaCvKA5tuP4bPbD2iJDQH2NjQnh,15705.txt,RawConvert |--> 15705.txt,344969,
1R2_thMwhIraawHNhXAA22GELnbCJVmTO,15706.txt,RawConvert |--> 15706.txt,393644,
1IwpspQrtpKmQDdeEHPm7GgZv-MYwp10p,15707.txt,RawConvert |--> 15707.txt,351252,
1OqisMR21BfenxmL-HQ1BqjilCJPRSj8S,15708.txt,RawConvert |--> 15708.txt,313973,
1llQF3Cx3OeU6rJ3MsvOM66IMuV_EuN8W,15709.txt,RawConvert |--> 15709.txt,414512,
1_0H8c4ClS1GJAyE-bAHldz3sMqSYohxo,15710.txt,RawConvert |--> 15710.txt,196683,
17393InrWARz6ACngtKZZ-N8AMARLWOUN,15711.txt,RawConvert |--> 15711.txt,589047,
1bD9eTOZ19AVErORr5oLY0BplpELUqhs0,15712.txt,RawConvert |--> 15712.txt,446085,
1DWXiky1L2jKkWXq7mFusF1DbMZ2jrtL4,15713.txt,RawConvert |--> 15713.txt,388427,
1ot2yEMFxWry3eLdJVoXT3V5qmQg2s_yc,15714.txt,RawConvert |--> 15714.txt,394025,
1IE6bMHnXBTHXd6ihvd64m_sPt8ZAAFH2,15715.txt,RawConvert |--> 15715.txt,337247,
1bOrMwSTDlk7k3a8zlN53lrM-VrcWNTda,15716.txt,RawConvert |--> 15716.txt,477140,
1VGUPHUNT1XtlTo1DIkED8ztGO1aYxbT_,15717.txt,RawConvert |--> 15717.txt,211091,
12MKFB9IVsDAphg9E8iCs2dHlYI4tuCf4,15718.txt,RawConvert |--> 15718.txt,374752,
1Z-G3xD5fDRKL-FmTS5nnQJa6pRDz0Dsf,15719.txt,RawConvert |--> 15719.txt,452807,
1PxB1FC1qZBxst9K22Uo_lA2FYu-7f0aI,15720.txt,RawConvert |--> 15720.txt,363603,
11tU2TZUr7TbyZRzKfixzG9bNHNkT33pl,15721.txt,RawConvert |--> 15721.txt,316424,
1ZjTTNDQhNfvJlb_dCIMQmaF8nXIj3g03,15722.txt,RawConvert |--> 15722.txt,340504,
199xwOSm2qAjRhzaxUe6mCMEeZ7y_RhtT,15723.txt,RawConvert |--> 15723.txt,361890,
1e7dx5_YDjYxHvjWL-fp73kVj8oKeo3KV,15724.txt,RawConvert |--> 15724.txt,350459,
1MutZ90HqVeuIyGNU0btYzI3sIWHpovVW,15725.txt,RawConvert |--> 15725.txt,333757,
1ipTOHkcJyyKGoeS8ep_4UeOc2u-Ufczl,15726.txt,RawConvert |--> 15726.txt,346181,
1WlTRVXC04jTc2AjGTfy2n4auick1XPLs,15727.txt,RawConvert |--> 15727.txt,362106,
1HS6iWB5OefeYybCI-9xL61kIFn6cHtci,15728.txt,RawConvert |--> 15728.txt,69877,
1XNgXHHcO187lhwxXV3kIQTJA7KxfbAh8,15729.txt,RawConvert |--> 15729.txt,379790,
1XHE3Ppw7ay_vjfnrXa60GNxWFeLrWWzA,15730.txt,RawConvert |--> 15730.txt,216122,
1rMAlm5kmFaqPpGccRXc0hfXteR-Sit4i,15731.txt,RawConvert |--> 15731.txt,355632,
1YEmdYocpyHduFBZPc8bEbxjpQ-tYeBFy,15732.txt,RawConvert |--> 15732.txt,714019,
164lY6bhJvnPDvk5ndax7wx1L2Tj7cA7i,15734.txt,RawConvert |--> 15734.txt,1164572,
15fskVvYMCrvEaJQpeKHA6S-hVrVSFwYy,15735.txt,RawConvert |--> 15735.txt,1114660,
1F6m3BF_M4Oq_RKh8xMP09Uc5uhqacLxz,15736.txt,RawConvert |--> 15736.txt,243802,
1HS1Pp1mgysx5OjzIbul3Cnm2ZyI8AppF,15737.txt,RawConvert |--> 15737.txt,149529,
1uLSl7aqjJiC--I1qTxfGpyuiG7s9eHho,15741.txt,RawConvert |--> 15741.txt,1044009,
1DVpaLfTOFFjlltXR8nHYdRwu3LlyVEJt,15744.txt,RawConvert |--> 15744.txt,281973,
1Y94qpJUu_L-lfM-I1mD3FoKkLT7u9L6r,15745.txt,RawConvert |--> 15745.txt,94839,
1d4K2r_guqBhwHxYLQ9rYnFGa3Fr5TBPK,15746.txt,RawConvert |--> 15746.txt,96431,
1rYTtj14asLKK8w_gWVUoP6bEiFAC1Pb4,15747.txt,RawConvert |--> 15747.txt,225519,
1X17hj-DKI5_Bl2nZ7JvO3SPA0Hd-Aw0n,15750.txt,RawConvert |--> 15750.txt,1309297,
1EVKnvRvVsi_wHjp4M4G7gPkft9wb9RYH,15757.txt,RawConvert |--> 15757.txt,1041509,
1VofaUOodydDFPx2ZYOiw-ZszvQ8oRxFC,15867.txt,RawConvert |--> 15867.txt,421050,
189ch4B_bcrjpS5upOINz5M3O2StS2Btb,15868.txt,RawConvert |--> 15868.txt,321301,
12aB_wEwECL7jADCmsmYE4qVbHZscsqFX,15869.txt,RawConvert |--> 15869.txt,400569,
1WgdREILObr-hxFcmqDHirw6Bacjpj_7G,15870.txt,RawConvert |--> 15870.txt,371088,
1jzS8uxTwl3Rm738JgZyIdoKDnN0MIjAc,15871.txt,RawConvert |--> 15871.txt,402802,
1YgsdRow0qJFInmM7XUl6XnPVtbjP-Ule,15872.txt,RawConvert |--> 15872.txt,389562,
1dhNI82T4jZ3BTacCKDrZy9WsRtZ-uLl4,15873.txt,RawConvert |--> 15873.txt,466545,
10zAKHMMWzBW4Hn_sprRKwZ_iT8ssxPhM,15874.txt,RawConvert |--> 15874.txt,446122,
1QqEtWtCu05qm37MiSdaqE2QzMPNb0cj4,15875.txt,RawConvert |--> 15875.txt,402957,
1Otwjk8JpvpzAoeFkX3l1-ubELKCa21CS,15876.txt,RawConvert |--> 15876.txt,451677,
1lRZVCPLpaITETdwGGtLJbNrXpZar-ZWE,15877.txt,RawConvert |--> 15877.txt,465431,
1nlvn8kAQVzMTBSN7BWz3GWt1qL0AoJxo,15878.txt,RawConvert |--> 15878.txt,439940,
1dfTS3aXOTmQu4wyflzJe1PzY2pr9SEK-,15879.txt,RawConvert |--> 15879.txt,1017263,
1iYJbBvY1oL64ixJxRwZWTozV23AFAjHI,15880.txt,RawConvert |--> 15880.txt,522366,
1DZladAc_EBt2GWPx3w4YgrUF-2nczoQe,15881.txt,RawConvert |--> 15881.txt,715677,
1QH8mD78xxfVwubujsQizL1Bc2X5_PBc8,15882.txt,RawConvert |--> 15882.txt,704972,
1A08HfzUUJzLrYsh1D7B-6kr33LfwOSxE,15883.txt,RawConvert |--> 15883.txt,683257,
1pJeLceWKL5CjRm0RMzmHPGilsbAUTZ-X,15884.txt,RawConvert |--> 15884.txt,677784,
1p7e11-VPWFXHOAyqzdZLAPoxdrvfP__L,15885.txt,RawConvert |--> 15885.txt,815207,
12S4QLNQahv1zv2vSwTWMHEbNOh3uPicc,15886.txt,RawConvert |--> 15886.txt,835441,
13RYEbOwlRuZn5X69LIgONhG0qcgWeyUj,15887.txt,RawConvert |--> 15887.txt,457164,
1W1cLp6eeywXnIKdia-YPQd_X6wKd9Esr,15888.txt,RawConvert |--> 15888.txt,1229372,
1SIOgV7lkNlIHHxks7oSpfdQPOta3sBLJ,15889.txt,RawConvert |--> 15889.txt,1125987,
1VSn4_6MRdeFqSp5DxzSqlADHdKthlNv0,15890.txt,RawConvert |--> 15890.txt,825190,
1e_DBJu83XDrxa3GgbUszW6LTrgppfcAq,15892.txt,RawConvert |--> 15892.txt,275673,
1YoBQ0yIi0bAl1sy8-QK4mQDWWdcCwjtV,15893.txt,RawConvert |--> 15893.txt,233017,
1zSkZ-G13f-UAELwPQ-yteaG8viVyRXq9,15894.txt,RawConvert |--> 15894.txt,206318,
14LF8Ty_cwrAcDtTh5PFZpvvNuXdgo8KC,15895.txt,RawConvert |--> 15895.txt,191390,
1LV-RMVJtDxGFVuCmHZ_PTz9Z5o9xnQca,15896.txt,RawConvert |--> 15896.txt,171045,
1tH-LasyjTplZqTfmaYgM-xYHK3aJLGgT,15897.txt,RawConvert |--> 15897.txt,188923,
1w_2wcat2QkufI7EY4kTYhcidWY1CipSK,15898.txt,RawConvert |--> 15898.txt,677529,
1NXZHM2a_tzsTOTHdTH4ruQo3IjDyqFG6,15899.txt,RawConvert |--> 15899.txt,360505,
1LAmWNGjEd9InOfxJKWP46XOgoPwXn4Mc,15900.txt,RawConvert |--> 15900.txt,209475,
1Ud0-QesDmkldBX7kyrMg3gypI8d4ewI4,15901.txt,RawConvert |--> 15901.txt,393158,
1XuxjPT6LI8Wv51MHL_NkfdiNBoqHmMlm,15902.txt,RawConvert |--> 15902.txt,47068,
15Kvrr7zV3Jfh_ByuhocWRL6WzO6-2fsy,15903.txt,RawConvert |--> 15903.txt,309713,
13fqD1X6abdGu7IhFQKMUJLXYzbK-mHlJ,15904.txt,RawConvert |--> 15904.txt,64883,
1zgm5hgvb2kj_J1jWRsDXYhpxxd41DTcd,15905.txt,RawConvert |--> 15905.txt,76783,
12COCQu37woQ8vH-27tHePjAUnUHrgZzk,15906.txt,RawConvert |--> 15906.txt,91685,
18xvKAECZfjTWalhWN1j50yKTR8Igpsb1,15907.txt,RawConvert |--> 15907.txt,368227,
1pjbmLOVE0vbO6_DuAnOG2BfYXPFM9hWc,15908.txt,RawConvert |--> 15908.txt,94382,
1u3wlHfrGrdnjzQ4e9B0ZABHEGys8SkMt,15909.txt,RawConvert |--> 15909.txt,86476,
12EfMbP5nSB8bCK3pLosMzz38PVJvjfsr,15911.txt,RawConvert |--> 15911.txt,710397,
1a2kBdkDtmXVk7pGJ83VdGpcNd7d5rTLz,15912.txt,RawConvert |--> 15912.txt,81838,
1jHPD4_aa7GFew4uJofatXL8YP5Nt9v6k,15913.txt,RawConvert |--> 15913.txt,91423,
16MlOGKz0RmfTfOPF0Op2XASd7XqDtfVe,15914.txt,RawConvert |--> 15914.txt,85445,
1l2CYaqxD7UYRUwixOqsMRssW_ZVTtrWj,15915.txt,RawConvert |--> 15915.txt,88853,
1NM3Bakd2WpIy-TlHW5renMC81Pr0FDJm,15916.txt,RawConvert |--> 15916.txt,89229,
17A0B9XnNxA7jDAi6Pu0D8zohsDt-zHne,15917.txt,RawConvert |--> 15917.txt,104892,
1cHBD-xuV-10VSKPKd2IFybeXkUPhvbAP,15918.txt,RawConvert |--> 15918.txt,115473,
1wv16KOjcBnmoNiUQr5Hw0ACI6_ImnE9Q,15919.txt,RawConvert |--> 15919.txt,167142,
16D1FrAsiWdjydXfVSJLiBHw0mcTi0HmK,15920.txt,RawConvert |--> 15920.txt,144412,
1rAYUCtH9d5ffgMqmuxsb2LfOT1nUhC8O,15921.txt,RawConvert |--> 15921.txt,179467,
1zugzAd9dk5ZB2nwZ5HIsRTXY9TUnSV39,15922.txt,RawConvert |--> 15922.txt,178964,
1Qs8uhaEp9Iu8paP8YfXJeKNHSas_10NU,15923.txt,RawConvert |--> 15923.txt,185607,
1RT4ER1BnPjMOrt78acATAyZPt2Px0U9t,15924.txt,RawConvert |--> 15924.txt,205310,
1RCtMVsMgpPLTbaWG1C-WX0xb5Y714Xiw,15925.txt,RawConvert |--> 15925.txt,295127,
1hg_s_jtxCcDAh4LKXuuH8SmR8SG9IJLI,15926.txt,RawConvert |--> 15926.txt,379647,
178v6wlr4M7iL0MgE0-ZNzytSbpxmNUKT,15927.txt,RawConvert |--> 15927.txt,387245,
1Ji1R__R-MlIb0kqgdonF3mFkHBqVw1Ct,15928.txt,RawConvert |--> 15928.txt,76239,
1DlibsLpe9jS-IfQsjSwO1cFqKRrqnrUx,15929.txt,RawConvert |--> 15929.txt,90773,
1ivAeCy3xnWC065TqK15q9tgGTftCPQ7-,15930.txt,RawConvert |--> 15930.txt,88526,
1k7Gv79KU4FrmZNZ2pcKTeZ8d2kAvm3QO,15931.txt,RawConvert |--> 15931.txt,108088,
11mkRw-O7gKgUtPpwYcUmLw2JPkRBLnje,15932.txt,RawConvert |--> 15932.txt,98403,
1MOIjhi_I7I_BQrkX__OzLxBAKzU0NjbW,15933.txt,RawConvert |--> 15933.txt,110835,
1jQBOzEfZ2nOw8CoMBYNkVu9AkxUJpjTx,15934.txt,RawConvert |--> 15934.txt,101834,
1KlgERtQ3JaSOK36BCvrepyS5SeU8dUWk,15935.txt,RawConvert |--> 15935.txt,121320,
1Dr0ESr5vmoPUuyQh4S-bUVVX4KoIN717,15936.txt,RawConvert |--> 15936.txt,125612,
1PYkCr2oH4eEfHt_9pqi9poTUc3HQQuwC,15937.txt,RawConvert |--> 15937.txt,132761,
1SXoHX8qfLBbu2xNIUpnw6-N5KzN2FgoM,15938.txt,RawConvert |--> 15938.txt,146502,
1oEd_u-YZQxiAkqsdc1BbkCzSNocH54wL,15939.txt,RawConvert |--> 15939.txt,232749,
1qWpVCi9n0SQfEPmQ1N5DOLH1qF-Guywv,15940.txt,RawConvert |--> 15940.txt,278951,
1pQU2Q1630DpPtuuhF0LN0SW6NfJVUCFn,15941.txt,RawConvert |--> 15941.txt,527334,
1un12i1wOr-pBsJ62DkejAxxh35yFNqXx,15942.txt,RawConvert |--> 15942.txt,560902,
1_sbYRWd3_Kv9tCPXa6dTsh4gEdLw8uf6,15943.txt,RawConvert |--> 15943.txt,90231,
1n63Km2NRT16PWbXjFV95xtrn2mLYxASq,15944.txt,RawConvert |--> 15944.txt,86548,
1aQXFv_WE1xfUf5XBMsk8_Ub2gzn6c2aM,15945.txt,RawConvert |--> 15945.txt,90472,
1EGagNZ4FB_WUv6_bqS25Xi6qk9QJohP8,15946.txt,RawConvert |--> 15946.txt,88556,
1sH1dMQSfocV-HGVoOb2f991-DSZ6GHw3,15947.txt,RawConvert |--> 15947.txt,97808,
1GjlUOtLIUXvPZABa-MzohvvDU4JXtVPy,15948.txt,RawConvert |--> 15948.txt,120620,
1T30hPpkUkKyGQ6OHz9yxJFPl9WIJgEwg,15949.txt,RawConvert |--> 15949.txt,119860,
16TOYrx-ojRBwnOC6JC81fHGIl6VuF9CK,15950.txt,RawConvert |--> 15950.txt,136685,
1uyStgHKfgPRTncfEtJTkhhveA_RP0uKL,15951.txt,RawConvert |--> 15951.txt,279366,
1VA3Sp7kAuz-JpJuR-ycw0zpqsD-GeiWt,15952.txt,RawConvert |--> 15952.txt,291107,
1VCF5TselFakYq46gnzxvA3b21YjwU3By,15953.txt,RawConvert |--> 15953.txt,280710,
1Wd2lyjHQez8HDF79GKa-lO3nR-3gYUu6,15954.txt,RawConvert |--> 15954.txt,201169,
1jYBW0eHA6ou454sSnvfHAbH1mK6uKCg9,15955.txt,RawConvert |--> 15955.txt,223462,
1MUz3A_PbsicDmKSDehDoaTrA0Hsq2fY7,15956.txt,RawConvert |--> 15956.txt,209244,
1pxiSX2caq4WPvekt_vSoq_MrVZW0s9Hl,15957.txt,RawConvert |--> 15957.txt,280863,
1w6HzOwB_TrQDJEH4spuRR394w7hxaeC9,15959.txt,RawConvert |--> 15959.txt,286929,
1vRqmnUuCqIOEserrLFniT0in59OILjs7,15960.txt,RawConvert |--> 15960.txt,297503,
1hu7cGoUvTl2PQkITbvfScBvX8xZw6PZi,15961.txt,RawConvert |--> 15961.txt,259702,
1Wx8Fx5kE4dRLlSqUMbaw8Yo_-c1IbhcA,15962.txt,RawConvert |--> 15962.txt,304397,
1OTfKC2QDK03_3N1EJbATRX3iubyLzBmm,15963.txt,RawConvert |--> 15963.txt,680372,
1aDi6iq_gZw9_U54jIWCKC4A2JfTdMaem,15964.txt,RawConvert |--> 15964.txt,266254,
1GxGwjZELHtiBrTsEGSa7NUaw34KFxSs1,15965.txt,RawConvert |--> 15965.txt,287367,
1rAGLtc4PfVWTYKClYLcpeFon2Gn-FIBT,15966.txt,RawConvert |--> 15966.txt,308218,
1IV3HABu1opeG4LuOUn38MEozezpZBr8G,15967.txt,RawConvert |--> 15967.txt,308177,
1nwcjNmOsgxMIs-X6Hq65ZSBjZj_6qsuU,15968.txt,RawConvert |--> 15968.txt,297725,
1f9EuK6l1q06KsQijAG5hlTWAMmxmwfAn,15969.txt,RawConvert |--> 15969.txt,298027,
1u_QBNfJ3Vydhh_TdHlHYJo9XMLh6kItm,15970.txt,RawConvert |--> 15970.txt,303960,
1VGHar7oO87gqkaCODCYUEty32R_1NJ5R,15971.txt,RawConvert |--> 15971.txt,311717,
1CMzD7QRcwCsr_UT6OSw5OLQZwFOEMTfi,15972.txt,RawConvert |--> 15972.txt,284088,
1KPS6Ikkm-wGQEp_wpcvf86iWBVEI3F6E,15974.txt,RawConvert |--> 15974.txt,229781,
1yLeT_posBcF89hTtgENNrRrHfvVzkslh,15975.txt,RawConvert |--> 15975.txt,342616,
1A_ClMqGo6qaz3TYc82SS4rGk0q5CLGoR,15976.txt,RawConvert |--> 15976.txt,123387,
15a9VdqVnH0XIQn8otagS8C-9wsFRHwvr,15977.txt,RawConvert |--> 15977.txt,336663,
1xbI_5504ulfwm_KR8vySTk-Sqz1sGw_-,15978.txt,RawConvert |--> 15978.txt,336519,
1LcYyvKKF3_-kp8I-byPJjmHGqyGL_EHe,15979.txt,RawConvert |--> 15979.txt,314316,
1Sae-bHR0bxy1XKgpsCzA0kb81v_EP71T,15980.txt,RawConvert |--> 15980.txt,334786,
1IS2yij2WGgxf06y6GIsxoKAnTqW91ZmU,15981.txt,RawConvert |--> 15981.txt,310008,
1tqEn_3xYR3FscZ9kLVf0jqeUl53zYrLC,15982.txt,RawConvert |--> 15982.txt,302708,
1R1213JpXANT6J4GpRfir0Xfy_JUnQAVE,15983.txt,RawConvert |--> 15983.txt,426297,
127I6O2S_mw8pzKg5hrPh8WeTnC-urMbq,15984.txt,RawConvert |--> 15984.txt,318169,
1-_im3r3P-42emT9f3qzQQ88ZLQfQ8lkR,15985.txt,RawConvert |--> 15985.txt,334184,
1E4GdiTFsGFxrj6Zl2kaBrxoib7MgOusC,15986.txt,RawConvert |--> 15986.txt,327235,
1rxIz5EzwXDruuXDQgCGsAmo-wYvSEgud,15987.txt,RawConvert |--> 15987.txt,332197,
1SzD_eX8moNnmJQKmEUybUf3sb1n1fmLG,15988.txt,RawConvert |--> 15988.txt,333560,
1inME5uDanySSPeCpA-_k7DUtbX7KCABN,15989.txt,RawConvert |--> 15989.txt,330344,
13052oA0EShRRfi3XIMvdfCWT42nsQh3z,15990.txt,RawConvert |--> 15990.txt,328159,
1yGVXYK0ScqcYnO76x9iPAqyXid4MCM0G,15991.txt,RawConvert |--> 15991.txt,346866,
1n8yVSY77q6mBo168sjBcfR745Jyk-3zO,15992.txt,RawConvert |--> 15992.txt,331325,
1XPnOU5NdqXC1UEb53f_uHNQEcV36AZuw,15993.txt,RawConvert |--> 15993.txt,370038,
1A8esbk1WVzeg-4VHTnq3WZuNXWHUtP0H,15994.txt,RawConvert |--> 15994.txt,180483,
18WHUGmcOR65ycXwF3cvQy2hS9DsSpoDy,15995.txt,RawConvert |--> 15995.txt,343307,
164oMTmqEkkI8wIwBwdSuz386ZGwXSuyA,15996.txt,RawConvert |--> 15996.txt,410824,
1Wfae9tLib9ut4cFuIIHJ98H9CyZWyKgP,15997.txt,RawConvert |--> 15997.txt,421918,
1qHuOtOFLKGNwATTq5staURuZWh-PnRVQ,15998.txt,RawConvert |--> 15998.txt,390132,
1J4vOLbRZl4j7xIJNQGAzx7C1nLzR7k6E,15999.txt,RawConvert |--> 15999.txt,302862,
17FwLU25Ze79Yi8gOLzgn-gt6CGBVqfeb,16001.txt,RawConvert |--> 16001.txt,107276,
1hpViUcKYlqOcoqJEeFVLS07JrczQuVwA,16002.txt,RawConvert |--> 16002.txt,103684,
1Lgdx5tVr75iXFqHaVF6Rr53QGjSM0Qds,16003.txt,RawConvert |--> 16003.txt,111363,
1cjsUY5vUvpJiZDHLIfm9gHX9u7xybTiK,16004.txt,RawConvert |--> 16004.txt,273319,
1x5tLR6MMeBF8GlOvLa_0OIun9iy2wYfG,16005.txt,RawConvert |--> 16005.txt,81243,
1h5ZprQdgrOueTWSXSNjNMvYeSwohww2J,16006.txt,RawConvert |--> 16006.txt,173503,
1FUHRiTlbkbZucuInQGcMT82kPYZHkDen,16007.txt,RawConvert |--> 16007.txt,387695,
1Ok3uK2GeZHPUj5nJdBPdGWMf64lVsrYD,16008.txt,RawConvert |--> 16008.txt,536104,
1Ns7-FExWBhoSgDBuSd_CXlYoqSRa0jEU,16009.txt,RawConvert |--> 16009.txt,153553,
1PHRzq_syLGRBYkOTrtfenkCu0Hi2JUjU,16010.txt,RawConvert |--> 16010.txt,292453,
17i7jEfqnmyL4cDYyIMKa0Oj8fOmbOjLV,16011.txt,RawConvert |--> 16011.txt,126714,
1JYp0EnlY9sDsdS2Z27zV8dDTuxPG4JMn,16012.txt,RawConvert |--> 16012.txt,95235,
1HPUP_IwNCykFM5600zWl_a-Fl90TXXsy,16013.txt,RawConvert |--> 16013.txt,155325,
1URCbBdeJoXAU6TZ6YvD3CfPIPiVMJKas,16014.txt,RawConvert |--> 16014.txt,131153,
1FItg4if5DsY48nZ8hByRbYCMkYWcjvZL,16015.txt,RawConvert |--> 16015.txt,508033,
1UKIp6Ky_ZLOCwg797GIC8qbvvZnK9D5q,16016.txt,RawConvert |--> 16016.txt,1312877,
1YRydpDtMShUAaZdaiWWS9YUL-MZZJScA,16017.txt,RawConvert |--> 16017.txt,702048,
1rY94BN0UfNwt0WuG7JB9hCEceRfyxjhH,16018.txt,RawConvert |--> 16018.txt,531657,
181J4cMNLstL9XgbLvbFSjDOZHs-DbUSw,16019.txt,RawConvert |--> 16019.txt,297794,
1F-sC5j1hE5TsV72PB79MJ_7FrjPISSfb,16020.txt,RawConvert |--> 16020.txt,1528482,
1OEqxDVp6kKu-Q1hDnze2cB6WJPJRtBAt,16021.txt,RawConvert |--> 16021.txt,1242538,
1MOdRBcu1eXtD4PMtPzbWMOsUo0pcRsWy,16023.txt,RawConvert |--> 16023.txt,1876568,
1PUjLstP8yGCzqcjdEiqwT9_s4Fj93wUr,16024.txt,RawConvert |--> 16024.txt,300053,
1TTYJJ4SwOvTRXVwaxhLdN2VWrS9K2gh3,16025.txt,RawConvert |--> 16025.txt,316898,
1vkCiqJPDwUBj7UnTlHhNOmuLZCZK8-sG,16026.txt,RawConvert |--> 16026.txt,295713,
1FquK4JrswqA2xUU_AcBwfwLLL4Ce_6qf,16027.txt,RawConvert |--> 16027.txt,292459,
1tW1TN8RtvL2IqfxLOzjkQ0bS8TxiyQSq,16028.txt,RawConvert |--> 16028.txt,218278,
1MVEb7BHtBwadxEevHxYoN9KoLduXTals,16029.txt,RawConvert |--> 16029.txt,428508,
1cYLeezOGyTYpCteKpgUA5YNbiuAx6foJ,16037.txt,RawConvert |--> 16037.txt,942340,
1z7l1t2_QzhLlRFE0vhWawn9iWne1hL24,16040.txt,RawConvert |--> 16040.txt,471156,
137MzLDjaHgu4Jb2z4KbOHv9yTyo0QlGA,16042.txt,RawConvert |--> 16042.txt,1917635,
1VWA-UA2P3FhWds6_MLpA2v4A8zlLbA3J,16043.txt,RawConvert |--> 16043.txt,1848377,
1oh0qWwHMhpUlPhC6ZMMa7ofAemu6DctK,16044.txt,RawConvert |--> 16044.txt,285107,
1lLbR0M6mv75shTUcdNLFgOkRodvKkB2H,16045.txt,RawConvert |--> 16045.txt,851258,
1ZRHwmTZycFMh_95FbUsXP1reO7J6IQ6h,16046.txt,RawConvert |--> 16046.txt,1110172,
1qiW-PC5Z8WALn8y-kvWjcehbCQSY4SPz,16047.txt,RawConvert |--> 16047.txt,216527,
18LYEBcjePrBrMMrYsJuYaZOQc7PVE-wR,16048.txt,RawConvert |--> 16048.txt,481406,
1s8qO3R74KxLXUuNjHTm8guacNbqI4UF8,16049.txt,RawConvert |--> 16049.txt,312585,
1x7I5N7WKE2PgsAw8uf1OIkhorVtVQUi0,16050.txt,RawConvert |--> 16050.txt,1216192,
1IFJcROgivBA6d_rXV8WjnVgn35gh7n5F,16051.txt,RawConvert |--> 16051.txt,1238415,
1ajuCt_BEb1cSTpuCMxHI66PMS3uw52AG,16052.txt,RawConvert |--> 16052.txt,393262,
15mJVNpZP-7kXlNGQPRwJPGtibwA2VlNo,16053.txt,RawConvert |--> 16053.txt,837638,
1NkADjjHX45oFB5XzDKbQIfYo4aE7qv9S,16056.txt,RawConvert |--> 16056.txt,1009774,
1A73pQCGK6iyWuv2UQ8xC8MXYNEQgU5kG,16057.txt,RawConvert |--> 16057.txt,1410678,
1TtXEFWcd1ltf0QEutdvgoPbNWhYXYqt5,16058.txt,RawConvert |--> 16058.txt,413578,
12UEibwLwhKnkmLfi6YVNlHLtj01Mwri1,16059.txt,RawConvert |--> 16059.txt,526712,
1RBKHub-GoKfIeE6M8okEjJB4QvF6US_P,16061.txt,RawConvert |--> 16061.txt,1190340,
15CAvVWQPcMnKt64VXcswU2iNx4AEqb22,16062.txt,RawConvert |--> 16062.txt,769782,
1p3Bj9HLEi-04hor3E_RJVyI06jM5wVN3,16068.txt,RawConvert |--> 16068.txt,335038,
1C0M5t1d-0dTBGgObHG1Zl4PRuibp-UVq,16069.txt,RawConvert |--> 16069.txt,343205,
1PnsmG6TK1GGWll_jLc2jV1ziWgutB4J-,16070.txt,RawConvert |--> 16070.txt,1165216,
1l_HwecnUxrZiq-PvQfpqS81fjHNZU2YW,16072.txt,RawConvert |--> 16072.txt,1693374,
1Zhh9ru89KKbgV6BKB2w2jVZ9_ykMdsiG,16073.txt,RawConvert |--> 16073.txt,1284166,
1EGD_Neq2lwNgEDLljIVcvQ0vhaZO6GJs,16075.txt,RawConvert |--> 16075.txt,1672078,
1ioixQsFZK6vbevRB88O-c4aIELugTip9,16076.txt,RawConvert |--> 16076.txt,424763,
1PDHa2Oa_4358L4yYD2J8xhO2YIt2-9nS,16077.txt,RawConvert |--> 16077.txt,1427350,
17OLHmEmo6s36riZJFathHYozXYr9sXdM,16080.txt,RawConvert |--> 16080.txt,631138,
1Lzl_02TXOOo9vwparS7TjEfBCGzFwZ6x,16085.txt,RawConvert |--> 16085.txt,269703,
1GPO9GLyQmBPMHtdbVIYBdAC4DZ7AxHFI,16086.txt,RawConvert |--> 16086.txt,737694,
1C7KIR294nm4NQZWBOUdQyP8E7aifN2at,16107.txt,RawConvert |--> 16107.txt,736025,
1o95J0mpBmTIHrcbRovS62Ipf3ohNRMNy,16108.txt,RawConvert |--> 16108.txt,133873,
1ljjn2_bB82DJ1inNBJZiivglaHGk2YjQ,16110.txt,RawConvert |--> 16110.txt,89393,
1h-iM7T2ClO6LekHDdrSBEGpXu0EQXCbS,16111.txt,RawConvert |--> 16111.txt,930901,
19Hi9vv2ZcDNYuxonBBBbG7eZq9SAazZn,16112.txt,RawConvert |--> 16112.txt,181911,
1rNajR_NwV-Dp_fN58vsEdItHJS-TeuMc,16113.txt,RawConvert |--> 16113.txt,406954,
1WLaurJeBIO9u4JK1ZpJzI9ABnjndqtta,16114.txt,RawConvert |--> 16114.txt,1073730,
1qwxyYFd0yFe6iV0bprB0ArhTtxE1pYtJ,16115.txt,RawConvert |--> 16115.txt,456422,
1AATkS6yS8o5ZUnSA1SSPCH130msVCfFd,16116.txt,RawConvert |--> 16116.txt,730999,
196oIQ8WN-9uKLEhpsL2g-wEMr70yxfX2,16117.txt,RawConvert |--> 16117.txt,411456,
1p4DeljbSjglyBB1tyKXv7Yjrw4aThMLj,16118.txt,RawConvert |--> 16118.txt,479543,
18BijOv46eg-mtZpkO3ttWqGhjAPh0bsw,16119.txt,RawConvert |--> 16119.txt,137607,
1HOWynm4WLShfUgEmNh8glA99Q3NGWH7O,16120.txt,RawConvert |--> 16120.txt,1077935,
1M-6KO00yo_RELtTAcQdKa-pKuU2WnvJi,16121.txt,RawConvert |--> 16121.txt,1123165,
182clKj_Wpuw293g9IDCPPwJnDzE74YNv,16122.txt,RawConvert |--> 16122.txt,91436,
1yzDkb7gez-vtR0sFD2Mu78zfeGUR6gnT,16123.txt,RawConvert |--> 16123.txt,780502,
1hWTZFOz0t9KXaJWR5cZ62eV5Bz8L-GSO,16124.txt,RawConvert |--> 16124.txt,1593619,
1f3lPpWKvz6sZATvU6UpXKVfwU-N8I7C9,16125.txt,RawConvert |--> 16125.txt,275088,
1-Wo23WPsIy5VoihDP-bNXNd0EfBstPc9,16126.txt,RawConvert |--> 16126.txt,100865,
193nSELW4wmEisT3k8xZhbGIoN1R9wQBQ,16127.txt,RawConvert |--> 16127.txt,547504,
1LZRtRgtJQvAFv5-WVIAo8oJzpmXl_E88,16128.txt,RawConvert |--> 16128.txt,220720,
1uantS4g-FDSYImfY8QxUWlzcgVJeBwh8,16129.txt,RawConvert |--> 16129.txt,130277,
1iE9v9Si3un7CHu6xO_VtTR7AZeU4W4cV,16130.txt,RawConvert |--> 16130.txt,388558,
1gIkndPwvuBaA7IAtZpIKxR0w8PSQKtcW,16131.txt,RawConvert |--> 16131.txt,367374,
17oTOzmXe9aWzvcJu-acq0SUVLrcdQ-9F,16132.txt,RawConvert |--> 16132.txt,143882,
1va-fpD3McNvaAdZEf_5qESAMR1u8IKp-,16133.txt,RawConvert |--> 16133.txt,155582,
1r7FpQO91rnD7LQW5pdtX9bE-i0sqRcEZ,16134.txt,RawConvert |--> 16134.txt,161557,
1IR-Et0IMrFbEUIecClzkENnhJhsA_dHm,16135.txt,RawConvert |--> 16135.txt,247044,
1G2REvhX9kgMtfuNp851uvEXUheL87M1V,16136.txt,RawConvert |--> 16136.txt,218497,
1Se49kpGhfvc7WIWPlvrJKWjroLuugTvN,16137.txt,RawConvert |--> 16137.txt,202104,
1tiO-7KFc3UZok01AgOr2kY8ntSy1uPlE,16138.txt,RawConvert |--> 16138.txt,248022,
1E21Ei_gqwEb8wEFlSzhErpZDvDnycn1M,16139.txt,RawConvert |--> 16139.txt,244631,
1_SAWz4MkcTCwvLmFUDFDvA2b-4KH9Ys8,16140.txt,RawConvert |--> 16140.txt,473477,
1mlo7RgQLxVB296uZzbWUmDrXlf-OpASN,16141.txt,RawConvert |--> 16141.txt,316987,
1DRDUZQYyiowhAN94hXljmAVQJg_A2_xm,16142.txt,RawConvert |--> 16142.txt,402119,
1i9pnpyKgI9KZw50eaU3UUz-s5RNiMOUP,16143.txt,RawConvert |--> 16143.txt,456837,
1kOH0WKRJe8QcEkUfTu4qEmLPmynhK5Ms,16144.txt,RawConvert |--> 16144.txt,85734,
1NZs4LXooXGJWSeqzuzMfvPje2mfiVnBg,16145.txt,RawConvert |--> 16145.txt,85174,
1wdWT5WjBdlp0xm39xU2aoWF5fbPSQl2e,16146.txt,RawConvert |--> 16146.txt,92987,
1RN3cBOqIHuYZKwAhuNYRhGhvTDD0qseD,16147.txt,RawConvert |--> 16147.txt,87327,
1R6bQgniMq5FBZdE6Nv22KaDVLxZ-0oC6,16148.txt,RawConvert |--> 16148.txt,103920,
1aM348vFvZ5zWScE9iII1nfARl8maICv-,16149.txt,RawConvert |--> 16149.txt,102453,
1HbQ9JhisgjLW6r-dedtGanWFomDHN8hd,16150.txt,RawConvert |--> 16150.txt,117010,
1f5btcJxbLOWMdfhbQWBB2TwmcIt2-lbl,16151.txt,RawConvert |--> 16151.txt,123728,
1d-I4w1oYLXT5TjJmc30SLUlpRAn4X0i7,16152.txt,RawConvert |--> 16152.txt,122193,
14uTl-LeeD21BU6Txf1sS-JTd2pP4a2Th,16153.txt,RawConvert |--> 16153.txt,836998,
17_ZSFQu3esSQvppylnc9KqUiJpas2AN4,16154.txt,RawConvert |--> 16154.txt,167118,
1nOwjgpafUZ4QYJ5eGjoKayd6187yk-Xp,16155.txt,RawConvert |--> 16155.txt,165900,
1_ZylE_tkqKFciewpNJqZtwISLLhYFNKX,16156.txt,RawConvert |--> 16156.txt,196654,
1OHtx7t0JHtB3JxWQoJm9Pt29f9x3V-Cb,16157.txt,RawConvert |--> 16157.txt,167071,
1z4PUh36SbhbrRDRTbgai21dfb3swRuXr,16158.txt,RawConvert |--> 16158.txt,187962,
1UOefq5r7fhVWpsaIlQExZrgsUy9fgTaM,16159.txt,RawConvert |--> 16159.txt,183061,
1sHUeg1s4jzSTVjaqfy1_z447KMKk4o0e,16160.txt,RawConvert |--> 16160.txt,200183,
1eagpYLoZDwLnIm9dzJ8d-bOwFVzXZ6ks,16161.txt,RawConvert |--> 16161.txt,253700,
19BYiY7y5plBYNJCU-ntcCs0yC6-NhcCL,16162.txt,RawConvert |--> 16162.txt,260723,
1b0tGO6DjxOgQ_l8560Yg3qwuDsWV-CaA,16163.txt,RawConvert |--> 16163.txt,266684,
1L_ptwEAy7hnDVr2gFLcK_SIN4N6ly8Uf,16164.txt,RawConvert |--> 16164.txt,262594,
11RPUubSzWuMgjCsQuBLX1WsqgPjbp_xm,16165.txt,RawConvert |--> 16165.txt,329819,
10FKqw-P5gJcZ61Xmp4rd_vI7fIjejYv8,16166.txt,RawConvert |--> 16166.txt,876660,
1I19a7AcXTpmQdq894PyCf6EEcUj_wmEt,16167.txt,RawConvert |--> 16167.txt,96049,
1s71nLEE7J86NjFfpR8mjW1kl-rm8qRNU,16168.txt,RawConvert |--> 16168.txt,78023,
1t6TxrNUG33gFWZq67I3LNB-qWQQXMeI6,16169.txt,RawConvert |--> 16169.txt,104666,
1BONAIphPKachPXER7G2yW-8IsaWcZvkJ,16170.txt,RawConvert |--> 16170.txt,95694,
1CG7eRY2iO-IeQKfhJEjLVfFLMVm1ODW8,16171.txt,RawConvert |--> 16171.txt,116152,
1bOzHJnzkziyk6MP-5WJg8dnQEKD5UW7s,16172.txt,RawConvert |--> 16172.txt,107808,
1MrWvsycidqxITMe5gh8A19_-FZpcdGev,16173.txt,RawConvert |--> 16173.txt,115638,
193PyxMy8ddAMYaqMvYzWuIJvTHGud-DY,16174.txt,RawConvert |--> 16174.txt,116834,
1HDtKd2wH3Pw5ZyzMTEwBf6zPizNxHPvW,16175.txt,RawConvert |--> 16175.txt,119298,
1iSxxYx_jiyK3adXtNI7s4C7ByPZpudm1,16176.txt,RawConvert |--> 16176.txt,128038,
1KrLPaGy5qgk9Y2Rera40TpBleKTXggRc,16177.txt,RawConvert |--> 16177.txt,115985,
1fC3Gms-BGUDiCv9JmrHx8jTOcUwyPFP_,16178.txt,RawConvert |--> 16178.txt,138540,
1IDuIGq1GGjmCHJHtHB-zj1Jmz65KesGq,16179.txt,RawConvert |--> 16179.txt,169364,
1sHJP3uT8r-Daq3DVZ5h68Z4y4jLnLiVt,16180.txt,RawConvert |--> 16180.txt,189123,
1cRfKBCVjwdcaldsS_Ih8DTIfl7g-ZZqY,16181.txt,RawConvert |--> 16181.txt,215499,
17D596MIWNUEkR7yiH2vlm9KnMEuJLvNd,16182.txt,RawConvert |--> 16182.txt,243884,
1HM-fkDlLGkZRf4__R-XfzKompWNv9f5e,16183.txt,RawConvert |--> 16183.txt,223408,
1r6n88pnlFEQWLuye_VvAQEFqa-bZlq3_,16184.txt,RawConvert |--> 16184.txt,251612,
10wXfHmHQCkExKRNQ3zMzC-enzWJFVclA,16185.txt,RawConvert |--> 16185.txt,252286,
1jJk9G8FEDjnrjbKg10OpZ-zyF7bd4mSd,16186.txt,RawConvert |--> 16186.txt,282513,
1USA4ZAmhgiUQlimNRBymNZ4oGa3-oZKt,16187.txt,RawConvert |--> 16187.txt,263893,
1szIZvHeuw25S8Wz6SdLjGuTAVgNNpiBV,16188.txt,RawConvert |--> 16188.txt,294066,
1PLFTXxAcCe-TXPzRvgfy-1SLWvZg6S4q,16189.txt,RawConvert |--> 16189.txt,281366,
1ls5jTgNLqEjCBVmqtqYnIpH7UJGRMt9B,16190.txt,RawConvert |--> 16190.txt,324693,
1S9OCSi4qcgJcizCn7MKqJGe2IO3MDCYR,16191.txt,RawConvert |--> 16191.txt,381114,
1eRtt_NiLXlTnsN8GE49FgfuRZWjNh3ig,16192.txt,RawConvert |--> 16192.txt,845978,
1FOAm3ciZiKw0FSMniZ-z6LCfsy1axIWh,16193.txt,RawConvert |--> 16193.txt,86734,
12Hw_I00xELVGZ_S9OM4CrCTp1GsHlYkm,16194.txt,RawConvert |--> 16194.txt,96821,
1lXLL6qoVqBTt-OOULX3JBbEL9GoO602G,16195.txt,RawConvert |--> 16195.txt,95658,
1QPjjKg8n-yxUq7JYgkdeTM24WCEHyf8d,16196.txt,RawConvert |--> 16196.txt,93291,
1Z7I2dk5-0dTW1EzXGqWSrlBtpJLquMQH,16197.txt,RawConvert |--> 16197.txt,96843,
1krm7b6-gkiqMdo-xWZjTiFjz6Z5q6kZj,16198.txt,RawConvert |--> 16198.txt,102367,
1x2U6GcLpi77WPS29gOBpPiRqva2dqeRs,16199.txt,RawConvert |--> 16199.txt,115999,
1VBQoyEyQBIf2lnl8GyC4bB11Ry_qdOVu,16200.txt,RawConvert |--> 16200.txt,111118,
15cuBq48N0pYS_CoP79U3imutw5BqwGq9,16201.txt,RawConvert |--> 16201.txt,123743,
1jXkMPx14iyS_ClzfO-QRLw8hHiODQyRo,16202.txt,RawConvert |--> 16202.txt,113960,
1aiPOdkADEAbNP9ZOR6GW-bIs1IS8E3s8,16203.txt,RawConvert |--> 16203.txt,131258,
1iFped3-RnUnydcc9_s7cPhUgX0HO5iJl,16204.txt,RawConvert |--> 16204.txt,134647,
1DtVLfF5h4ThVgWkE9S7Hz_UPi6urPee7,16205.txt,RawConvert |--> 16205.txt,132960,
1P6xa6P38EIiqGrbK_NWDl1a2Of3B6lwx,16206.txt,RawConvert |--> 16206.txt,149836,
1Jj53lsPw6Pf2v-gTHGRj4aJUBQzaKwvD,16207.txt,RawConvert |--> 16207.txt,124918,
1TEYkPsuTuqqk3huGwgmhhEsJ-W1bbRkv,16208.txt,RawConvert |--> 16208.txt,199747,
1F_Gos0FOFdVitKlyUSi64z0g6WJVLFil,16209.txt,RawConvert |--> 16209.txt,224813,
1bi04yHqkNi7blSN4XR6WruPy_cv2EMOz,16210.txt,RawConvert |--> 16210.txt,232364,
1kbgxBwJ9_n4ZiYrw4Zjs1kNeqCEvjdrx,16211.txt,RawConvert |--> 16211.txt,221778,
1TqQ-X2j9ZRratjZFxxe9wk40ImSHUEXo,16212.txt,RawConvert |--> 16212.txt,238969,
14MWCu4P9C6hXpmuWOLZ3kdV_iszrxynl,16213.txt,RawConvert |--> 16213.txt,294862,
1k3F9lVOMNnb1EEo-jOCOPjYksMXOogch,16251.txt,RawConvert |--> 16251.txt,321073,
1xcMXohvPHzHFSzQ-IWAJYbrIYkbze28L,16252.txt,RawConvert |--> 16252.txt,1413364,
1-5Rru8ADxUncf2eW2iZ2xeIf9AGu0Rdd,16253.txt,RawConvert |--> 16253.txt,85811,
1ckNYzBucQYktaO1X4axiwVuQRV7e8cKc,16254.txt,RawConvert |--> 16254.txt,99865,
1n0oa4SC7msg3XJqiCBtXnRtvKpLw3iAY,16255.txt,RawConvert |--> 16255.txt,97327,
1yLXlP4xzfJjnVIfXuAoug2GSoOTBEnR-,16256.txt,RawConvert |--> 16256.txt,107603,
1h8oOEDXydfx4OiawKwBktGWaop3wmq6l,16257.txt,RawConvert |--> 16257.txt,109784,
1fbrthuiScehMORwT5uKcg29ZBBn6tTHt,16258.txt,RawConvert |--> 16258.txt,124207,
14Ckqu4rg15ffTouOoKKzFQ9B3dTgMyRw,16259.txt,RawConvert |--> 16259.txt,131330,
1e3n0-ddOuOPGg8lZUfCRbQJgYOrhdL9e,16260.txt,RawConvert |--> 16260.txt,138923,
1qHaJk8ST7tYdCE7-DiCTfeL9JgODz_eB,16261.txt,RawConvert |--> 16261.txt,149241,
1erpbc3M9xUK-ea7wINYVWptjIgjPcABI,16262.txt,RawConvert |--> 16262.txt,149708,
1SI9X3KVva9ynjvbXsnMoT-_v4U2H8krp,16380.txt,RawConvert |--> 16380.txt,567497,
1daRqS2i2g-81uq3-Dvqx9ySRD_OJ01nM,16381.txt,RawConvert |--> 16381.txt,91313,
1cigumm-3q7mFIZM1yP5NcJu7iMl37vf2,16382.txt,RawConvert |--> 16382.txt,110026,
1sNL7OSaN_mAA6HrCjJfUlndgSi4o3IIH,16383.txt,RawConvert |--> 16383.txt,104550,
1US2scoj70qFAT62ipoIVvlDag2c9MfRU,16384.txt,RawConvert |--> 16384.txt,118353,
1uBULcWI0sHn3HU_aQL7YyT45SIsec6aQ,16385.txt,RawConvert |--> 16385.txt,128683,
1rBtAVo6cNE8NqK0T09l7CUkOdrbMiA4T,16386.txt,RawConvert |--> 16386.txt,151488,
1v85H7w_LdICr12RFH3kb8WK0DQHDZ9ES,16387.txt,RawConvert |--> 16387.txt,155956,
1V_sVeQNx1sY8NtNefYvN_78HMrIsBnvF,16421.txt,RawConvert |--> 16421.txt,151221,
1vZMvulm_Gwo8FaE_w9_LaDCj6dFudpwY,16422.txt,RawConvert |--> 16422.txt,173675,
1P3-46DNf2G4CbeicpT6_yQnJyCTLHSHw,16423.txt,RawConvert |--> 16423.txt,174659,
1hkHxqXouiV7OQxjwZe-E1GSW40GgjUUY,16424.txt,RawConvert |--> 16424.txt,204788,
1VnqcZTOjGGj9mK83UTS9yO6OCHy933Bd,16425.txt,RawConvert |--> 16425.txt,214395,
1YP8MwFwdC8Xp2eRk08l8hdwjWlwfo-GF,16426.txt,RawConvert |--> 16426.txt,200860,
1EcniamaHL5iLNSvA7A4wLZ3JzAtJNY7P,16427.txt,RawConvert |--> 16427.txt,244835,
1JlVNEtk0lapMvRdelFe8VLWCDHdeu3ow,16428.txt,RawConvert |--> 16428.txt,244709,
1mhHn_deWcx1GZDCEcBHmzaH_xkf2M-26,16429.txt,RawConvert |--> 16429.txt,314094,
1dUIC0TSIkZgTOBZfnFERVCz7Yo3Iaqjb,16430.txt,RawConvert |--> 16430.txt,322612,
1vU-d1efuIBTksgJF9ZXA2TAbnbE6a_sJ,16431.txt,RawConvert |--> 16431.txt,322624,
1XIICkS-uebCOVSMVGubsyOecdgmUcpxK,16432.txt,RawConvert |--> 16432.txt,315271,
1Il7dwNyMpgfpmr-pDGmL8uaXi1ji-AqB,16433.txt,RawConvert |--> 16433.txt,362033,
1uPWYllxqCuDRZ4TVHmjz1SncBnj1UHUZ,16434.txt,RawConvert |--> 16434.txt,400847,
1DHTT5Tz9-knO0QALlJDzx4P0JEVbH2r6,16435.txt,RawConvert |--> 16435.txt,422892,
15aWsL0KkRM1KCmgfr0rgxcSp3evg7Qt6,16436.txt,RawConvert |--> 16436.txt,456687,
1hNdtbc_6QxIUryVBRfOUcnTidtUt7GzQ,16437.txt,RawConvert |--> 16437.txt,73951,
12yoHK_4MkcqEAFHUxZ05TdhAFGPeskaC,16438.txt,RawConvert |--> 16438.txt,98114,
12Lri1DSqqa4pGxYjmvVZQMrfvdDJOkR4,16439.txt,RawConvert |--> 16439.txt,111016,
1Tt5NKaMyw5vk8lCDU-L3wEDn6C7QDhZN,16440.txt,RawConvert |--> 16440.txt,108176,
1gs8fyPgo-XWAmeFOHOfJyDGuzD8xiK1v,16441.txt,RawConvert |--> 16441.txt,122904,
1RUtZowvEXMQA9OuuYWjocT9AP8YlFX8z,16442.txt,RawConvert |--> 16442.txt,103627,
1Jc9oRES-EcEGmdUB2D3DiyQNfdZ70g9f,16443.txt,RawConvert |--> 16443.txt,127147,
1Mo_Dhe9YrK0lelr4cop93-Fes5mkSxmC,16444.txt,RawConvert |--> 16444.txt,132052,
1-dTstWYlcymUhABdTZzjPnhd6SFzVPHO,16445.txt,RawConvert |--> 16445.txt,132281,
1aRhl8huQdKBtuTd0SXZ9l_5XO-NzYdiE,16446.txt,RawConvert |--> 16446.txt,134162,
1gkyd4O1OCRT986Q2tkWe_W_tXFbxLYvf,16447.txt,RawConvert |--> 16447.txt,147160,
1huzcmZo9STSNHbvgQ5evl_Ob27dpY00P,16448.txt,RawConvert |--> 16448.txt,146708,
1CACs7SOWJR3XAzDZuOpOKbfakw39quqt,16449.txt,RawConvert |--> 16449.txt,187610,
1TMkuIHpMDYp5ja-6MuxQ-A3i1uhIKUcH,16450.txt,RawConvert |--> 16450.txt,221005,
1bBetuE_zSjHb9XqGJFBAiVSgFG1f90gG,16451.txt,RawConvert |--> 16451.txt,217432,
1ytfgVKuBKHggiG1x-mHObmNPVxzIxEsp,16452.txt,RawConvert |--> 16452.txt,242826,
1oaSZTzKEJJHJpCQNq37YLczc7yKVgB9j,16453.txt,RawConvert |--> 16453.txt,222148,
1DiljPlnGE1NCeNnc2wPMUF3faUjJKosl,16454.txt,RawConvert |--> 16454.txt,423964,
1Mc6ae8cp6gdOROuvRI1DpDhdJpfIdaPq,16455.txt,RawConvert |--> 16455.txt,77554,
1B_J_YfTMkUeARd667swZwYGhx5fWmleg,16456.txt,RawConvert |--> 16456.txt,89289,
1leXqakNP5QuOLH17FLYV-NCkQdIlKDT2,16457.txt,RawConvert |--> 16457.txt,97732,
1abi8KTmdj96VDizkxQcrbiYMJrcaGKqk,16458.txt,RawConvert |--> 16458.txt,97462,
1fDCHcXD927xx9N5_wujDC3KPdO2uN3Ol,16459.txt,RawConvert |--> 16459.txt,111306,
1OyItgcq8UP8jR6tWBJmXTI050J7VRA6x,16460.txt,RawConvert |--> 16460.txt,137938,
1BfFwRppCWq_haEJee1YMy_jH4XX74-lU,16461.txt,RawConvert |--> 16461.txt,1195864,
1JR8vLV9lTpvtGCrOGaJ-I4av3FmCyOSt,16462.txt,RawConvert |--> 16462.txt,125906,
1eUZbSvubmNsOD8J0-tMyoWm9PC8NJp_1,16463.txt,RawConvert |--> 16463.txt,133543,
1vSbpW-Shfmj-1w_Q1VUA_bo-0XhJTDDS,16464.txt,RawConvert |--> 16464.txt,138317,
120LU_MQG4Yp14CK4se9xkQhBtzb_DrGy,16465.txt,RawConvert |--> 16465.txt,154563,
1mft3CJxMgCBz5nbXS87zgdULo5GwsLiF,16466.txt,RawConvert |--> 16466.txt,135073,
1TKZoQ5O-fr2AjWBKZTRgUNHakkTInyIz,16467.txt,RawConvert |--> 16467.txt,179821,
12LokREjSOGzf2W3GofqwnHL6qNfr3ovx,16468.txt,RawConvert |--> 16468.txt,210323,
1TUP8sgUyqxm4uxjo99aAksskW4sB_132,16469.txt,RawConvert |--> 16469.txt,223526,
1awuwoKFYhcKQ1rdoIQweGTsTX3bQ9vYi,16470.txt,RawConvert |--> 16470.txt,251991,
1ZJxxNRDGqKqq7XMJD4u78eC5cV3B2R40,16471.txt,RawConvert |--> 16471.txt,237750,
1r-JxCmWnEgXN_eHZUyVcdg5LH_fyvpxC,16472.txt,RawConvert |--> 16472.txt,260391,
1KOveYAEgTYcnSnZPyc-8W4xNcnuTe9jl,16473.txt,RawConvert |--> 16473.txt,265297,
1-_pHISCxmdy_TtdmdAq--1LETOxDnLWA,16474.txt,RawConvert |--> 16474.txt,319392,
1u4cO56rtuXE7n7iDTq-XrwaEGqgTPeRI,16475.txt,RawConvert |--> 16475.txt,320294,
1LkcSyjIcGjikS06dtOEw1CSAPWyKOiep,16476.txt,RawConvert |--> 16476.txt,381843,
1XFixYMBoM24JJLbz76dFwjkvcFg76Xb6,16477.txt,RawConvert |--> 16477.txt,768110,
1lvocguaOJTTFWtOHhX1Sp56au-LuMyTF,16478.txt,RawConvert |--> 16478.txt,87146,
1TBjDftc06sQwVGbgkqHLN_fQmZuMrRES,16479.txt,RawConvert |--> 16479.txt,93970,
1gf7L7mJV-dWlUuKULLTCgAhVWbadu5rD,16480.txt,RawConvert |--> 16480.txt,119704,
12kZTsZzkqxwiNNA8wXCbE1EuK_w2OlfF,16481.txt,RawConvert |--> 16481.txt,117966,
1Ac-70JUPz8UICT7wkingnEmVZkSySiQa,16482.txt,RawConvert |--> 16482.txt,133376,
1Zf2M9dfsCV3V6Fg4bB-MqrI8Hq5mmAF4,16707.txt,RawConvert |--> 16707.txt,138144,
16CozeF8lca0so961jOIDZGYZc23wff99,16708.txt,RawConvert |--> 16708.txt,136899,
1l1__taz2FJBwpXlEaGAx4UBK9zloZfqW,16709.txt,RawConvert |--> 16709.txt,141426,
1rqA5DTVmsw2IjbH5SHlC3vcDLmmCX0Fs,16710.txt,RawConvert |--> 16710.txt,175122,
1I2LtOX6EyN7R84r3kbyvd5CkouKl0RWd,16711.txt,RawConvert |--> 16711.txt,197045,
1SHvOs_EyQl9RJzca1bT09RO3H0R69qvh,16712.txt,RawConvert |--> 16712.txt,506962,
1KSzDNNtCvBW6-dx2g9wOuKvJ1akwzxOs,16713.txt,RawConvert |--> 16713.txt,296440,
1qh6TclXr-6WQfhfYSX3_HqH8919PO_Cw,16714.txt,RawConvert |--> 16714.txt,312760,
1XBy2Vfmfp5_I7WIJS19nxOuJi0Nyh3Xj,16715.txt,RawConvert |--> 16715.txt,321923,
1cFjzvirjRDX4K3uV4Cio9l67AoMRFnkM,16716.txt,RawConvert |--> 16716.txt,258978,
1bqaMFgsEjQU2NQYpmh1dNelPiCUI0Gg0,16717.txt,RawConvert |--> 16717.txt,106255,
1-jEU1fG-EcOl5r4EEPkfOXs4_QD9j2d4,16718.txt,RawConvert |--> 16718.txt,111522,
1ueoEpNXodjSwIGN7IiJJArfVY3_evB0o,16719.txt,RawConvert |--> 16719.txt,128386,
1umqciSE0cEkLKw7GXUg9DtFotusEH7xK,16720.txt,RawConvert |--> 16720.txt,116376,
1772QzxnifxuCcEvyPi1HEHEIpXN3rOr2,16721.txt,RawConvert |--> 16721.txt,142859,
18tYQzjnWLmZ1eYL1cO2KMevP4_ET_xXb,16722.txt,RawConvert |--> 16722.txt,159608,
1xYsFgw8207NSJLhFp4anlbKNTbr_W7kR,16723.txt,RawConvert |--> 16723.txt,173863,
1wThFtNRuaFf1g01WvXWtnY33ElHZWO7p,16724.txt,RawConvert |--> 16724.txt,183255,
1sxiFbOzWmlV0sLB-j5sMVXGNtRZGRM79,16725.txt,RawConvert |--> 16725.txt,296377,
120edcdzDPc1JkUA8ztklz_SkXWFJmQQn,16726.txt,RawConvert |--> 16726.txt,264260,
1tdRBfByagic1171TFv1rmz1U98j35PEI,16727.txt,RawConvert |--> 16727.txt,338416,
1WJPVrcbOakuWa2DwsiRyN3e1lHY7pfF5,16728.txt,RawConvert |--> 16728.txt,445560,
1URShk__zGdPyiBFVXx6zrs2v_fTl2dYH,16729.txt,RawConvert |--> 16729.txt,86985,
1EXx9ee8dFmoBm1msuU5CCi4QM3hU31S_,16730.txt,RawConvert |--> 16730.txt,95247,
1IUGGpZNluvazpKIdmHcFLAXk8UOt12k-,16731.txt,RawConvert |--> 16731.txt,107691,
1okmKmMN1SVyIwa9iIM1AT9Cy48xDNyAc,16732.txt,RawConvert |--> 16732.txt,114810,
1v3VtUd9b0Gfz9A82tEos_W7OOxOGk5lr,16733.txt,RawConvert |--> 16733.txt,113277,
1eRsmGOFqCdUGFiKU-13OQq6yc1uY0lC5,16734.txt,RawConvert |--> 16734.txt,125433,
1ksOUTLi31tkremJE_2Z2n6qtq0zndfoe,16735.txt,RawConvert |--> 16735.txt,130136,
1B8pT2zG89ovLGA0RXS1dprdGha6864ek,16736.txt,RawConvert |--> 16736.txt,134717,
1GEQX8Ul9zYJ40K08mEte9uaVY3I32VDb,16737.txt,RawConvert |--> 16737.txt,188876,
1NPeUmPtLSCymRl-XPWa8hvBf_6UlRRDh,16738.txt,RawConvert |--> 16738.txt,222501,
1CvYD_hg-FzO3kXUIB2B_JZgTN_7ruJwM,16739.txt,RawConvert |--> 16739.txt,194347,
1b2-88WbZpDQCQCRHdPHeRzIC0luPgReH,16740.txt,RawConvert |--> 16740.txt,255955,
1CEY91TaIP2i8MUZrqPSPkw5yTFlisz7v,16741.txt,RawConvert |--> 16741.txt,270476,
1uPGHPokNP21Tx1BdrKwJTqDH-WXnhaKh,16742.txt,RawConvert |--> 16742.txt,303507,
11cH21r1n3xX4ZIyuY0mCQ-1M56JFIaUy,16743.txt,RawConvert |--> 16743.txt,418997,
1S4kBj1YIRkOCw4TusqyVBhdWCMaY1v6E,16744.txt,RawConvert |--> 16744.txt,552439,
1T2xpaIBQgYlUoTIVj5fNKM3g3BXFGdqx,16745.txt,RawConvert |--> 16745.txt,312265,
1l4ePoAH2cNZMYQeE_lAHmguDdk3-5gQe,16746.txt,RawConvert |--> 16746.txt,398520,
1VCpX48Dxuwj28dADxbm3W12DYgiKTms6,16747.txt,RawConvert |--> 16747.txt,85466,
1TuwGmYGGCV8P2eGzBT3T_amT5WZ_WQb_,16748.txt,RawConvert |--> 16748.txt,272749,
11MPg9tQno1FGhWqFEk5V9GxAAOx6UGIx,16749.txt,RawConvert |--> 16749.txt,171646,
1U4XD1F2lsBApPREwjOLDdAUl4s-8hd-J,16750.txt,RawConvert |--> 16750.txt,102399,
1sc4SRh_ABkRcJBlBh6uoT8vmgQFA-f9E,16753.txt,RawConvert |--> 16753.txt,100827,
1NXjPvbPrtacgp8-e-JDZsBYXElG5UmRn,16754.txt,RawConvert |--> 16754.txt,109766,
1aYDD0JsaNOQM3d81v8IGraKV6_bEvWtK,16755.txt,RawConvert |--> 16755.txt,101336,
1XPUWak_Oi2d81Ij2lWjTJERRvEzcJ_-9,16756.txt,RawConvert |--> 16756.txt,108790,
1I1LDCKn4jF19RAX37lAnib_W5Up5a17M,16757.txt,RawConvert |--> 16757.txt,1168792,
1HPT26Gq0c6VCl4m-jON53Vqk_tJJcNi_,16758.txt,RawConvert |--> 16758.txt,903229,
15mgUVncY2bRhz2WDSyhNDZdghe4j7tzS,16759.txt,RawConvert |--> 16759.txt,1098520,
1VjteO5ZhZrjm59yApgbBQhJ3mXZZhBKe,16760.txt,RawConvert |--> 16760.txt,1281196,
1pYRCzc_e4ogpj5kxLPhLeZ8Ar_PWXNRB,16761.txt,RawConvert |--> 16761.txt,1489736,
1Ax6dTaX_XV5-tn5Nl_kltsc-Xb_TSf9v,16762.txt,RawConvert |--> 16762.txt,501245,
1uolNRaKjwuR-nplj9WB5Yew-y4iXyHCM,16763.txt,RawConvert |--> 16763.txt,485200,
17zzacrJH_DaVJXLEoit1LNc1PQzrksZm,16765.txt,RawConvert |--> 16765.txt,248880,
1RWJk7ErN35JJ9TYDbLUZ5LvQjKUYxwjj,16833.txt,RawConvert |--> 16833.txt,295631,
15C1mXm8wegVWbR_MLUQ_JtH0afa-ADWs,16834.txt,RawConvert |--> 16834.txt,171886,
1DBbhnGL1QBFhiet2BdT7GLW7rGQI1JZM,16835.txt,RawConvert |--> 16835.txt,293609,
1RNRiOab-YXC6IrYH4al464F1FpRY5Tx0,16836.txt,RawConvert |--> 16836.txt,252602,
1BfBdKcy5YBGgPFEvtV0qi_252C9xTS2d,16837.txt,RawConvert |--> 16837.txt,174971,
1GfoC9trnnoEBuIeM6hEG8Uq6ZPCnlSfH,16839.txt,RawConvert |--> 16839.txt,1061422,
1LEXkW6beF3Vz8VqCGKuIC4vWdXh1GDhk,16840.txt,RawConvert |--> 16840.txt,1427992,
1D0qzHkzCipUvllZik1vP4rUGInrhO4BP,16842.txt,RawConvert |--> 16842.txt,168965,
1LFmsX6VQez1SfOSmcI7pHso6dNBmEG9x,16843.txt,RawConvert |--> 16843.txt,206311,
1FiRNjARcqHz43-7vlV5WEUoQS216Nhg2,16844.txt,RawConvert |--> 16844.txt,277751,
1epb78NlUkwe73fo-qiFDWDNplViogoU8,16845.txt,RawConvert |--> 16845.txt,277660,
1dZueUq9ZfvBi5pdKRce1vKV3rugZsZuV,16846.txt,RawConvert |--> 16846.txt,179264,
1oO7d9x4M3TwfETXxeyifEPXcEO_oppcd,16847.txt,RawConvert |--> 16847.txt,301168,
1JNZppX6RqT-uzU-rF_nl-UmKZOK3D0wU,16848.txt,RawConvert |--> 16848.txt,341312,
1aTbsnQIHEIrNaxdkTT2Xn7gRTozkXnPt,16849.txt,RawConvert |--> 16849.txt,233856,
1ZonUsi7MBPntBT9JgWIm3srepbFWBY_X,16850.txt,RawConvert |--> 16850.txt,261759,
1sFynrF5iy8XiBKHTQi3_mGIRi5ooxv4U,16941.txt,RawConvert |--> 16941.txt,413610,
1qUgm9ONzf9UEFFHi17Uc6P_4kRhMg_67,16942.txt,RawConvert |--> 16942.txt,206530,
1EbBb2PoJaMEy658neqDWq2RIocRTtbX-,16943.txt,RawConvert |--> 16943.txt,630518,
1JxlX-LAFoZb8UPa4Nl61TmhM-XZsFsgf,16944.txt,RawConvert |--> 16944.txt,1316066,
1xFzznfbOszHYtVscqrtEQap6yrDK5Qr0,16945.txt,RawConvert |--> 16945.txt,378488,
1nrP-vBV4jf9W8sEHUJ4NpGpPNnlPgUEi,16946.txt,RawConvert |--> 16946.txt,684519,
1SGwjfqspMiyC8epNMZk4x9fvSwzPI8nI,16947.txt,RawConvert |--> 16947.txt,611659,
1WSv7CkkaSbDV496RGYjTJbL_E39Y4mFF,16948.txt,RawConvert |--> 16948.txt,694484,
1ZDptB8FZuLQ9AG92j01w_q_pyDFczuyu,16949.txt,RawConvert |--> 16949.txt,852876,
1OjIIMUBS-5AlyT_z5InhaoPfSFOgI-i3,16950.txt,RawConvert |--> 16950.txt,270734,
13b3S8d3YE4lPAwh2aeSFIAEu_Y967uOe,16951.txt,RawConvert |--> 16951.txt,205505,
1a3sKhYphGjpHMVxPX83AtghN5h3myBni,16952.txt,RawConvert |--> 16952.txt,111184,
1qHAmU88J4-HJ5nzavTM3coB0tKU6gZlT,16953.txt,RawConvert |--> 16953.txt,1381853,
1dcQ2U_cmKgunQvH56EYSY2UPWTkwy0JG,16954.txt,RawConvert |--> 16954.txt,117626,
1z6t7Oz8XcanGr-qG0c3a4f_l79ptGrYG,16955.txt,RawConvert |--> 16955.txt,112677,
1mUS6gpD-Jwu0_ghG6r6-YZ3RhCQhUyZ6,16956.txt,RawConvert |--> 16956.txt,124291,
1Iy33XaiqayT2ckBvyrbwXau0-pTMFDOW,16957.txt,RawConvert |--> 16957.txt,606716,
1U1oVxmf94ZiruJcVwYFDd4GKvQNFDz_a,16958.txt,RawConvert |--> 16958.txt,101080,
1IhfO_X9IwzfWPTIOHyZSxm7vteL1NPnu,16959.txt,RawConvert |--> 16959.txt,128650,
1ejl49b99ylikRWMrJGx0Yy3BCGqgjfPy,16960.txt,RawConvert |--> 16960.txt,130564,
1mQrPNMlDXPIfogkbT6T88IUayiWqOZxW,16961.txt,RawConvert |--> 16961.txt,141292,
19KeJ_3Jg_24O-MEmwY9qOT_2rV8GpaKU,16962.txt,RawConvert |--> 16962.txt,181463,
1MjwyUAtROi9tclVyTgJNYoL4vt9sRx0g,16963.txt,RawConvert |--> 16963.txt,145086,
199XI2Uytio6NyGuMNmv7TrDZy-AqZ5Sm,16964.txt,RawConvert |--> 16964.txt,178489,
1bF0Wl4R5mTNjnB5idUN7DbA4YAwe_XkX,16965.txt,RawConvert |--> 16965.txt,150122,
1-Wwd229HuOaVhiaI6lmUHX5Zg52mBrrg,17365.txt,RawConvert |--> 17365.txt,199251,
1maQX1A_wQDjZ2o8Tzj3h3sm2Ryr1wTLA,17366.txt,RawConvert |--> 17366.txt,196046,
1QNLFn7sZR9AvVuRkwhojlpS3TombYxZG,17367.txt,RawConvert |--> 17367.txt,114753,
1p5c7_BMEV4XSl9aiKg8vLDOhj3WIZ6lU,17368.txt,RawConvert |--> 17368.txt,138367,
1SsrR38a1XEYen9qFhrz-BHRi_4GBxROc,17369.txt,RawConvert |--> 17369.txt,146662,
1QW51M-1hquKGJ0B54C7YRb8IPgT1Yb_Z,17370.txt,RawConvert |--> 17370.txt,195560,
1LIef0hQvT7gg2mbNm3kalOempYFzWT1E,17371.txt,RawConvert |--> 17371.txt,158756,
1DhNMFT1xkTPUk52cXj118gldHo0p5J2P,17372.txt,RawConvert |--> 17372.txt,171046,
1_hFgSj1HT89ehDVxfpST-7ph2AJZEYxF,17373.txt,RawConvert |--> 17373.txt,164023,
1JNkkgwhSghoSQw1OA5G07rwzy9NJQyDW,17374.txt,RawConvert |--> 17374.txt,207409,
10lEXuTUCkHuQjCE6cJfiDjuEWNTFQndV,17375.txt,RawConvert |--> 17375.txt,136272,
1ai9MOx0EKBwjGdCVamq244LmajyrdVzX,17376.txt,RawConvert |--> 17376.txt,155435,
1LakkZ8cpfAKM1MDWpakRbLX7McpudOhU,17377.txt,RawConvert |--> 17377.txt,180845,
1VxBpvcCvfboI5cRwWsn8gCm-wSw5IXzl,17378.txt,RawConvert |--> 17378.txt,189563,
1EOC0k_NTqX5bkGuk2qApm4ZG-gr9pkG2,17379.txt,RawConvert |--> 17379.txt,128496,
1o-fhvJ3R-YislT4N-_L12bC-_jVvPGUk,17380.txt,RawConvert |--> 17380.txt,141454,
1BdBqX_bBtkaLt5MqtUAzz4svLeB62jg6,17381.txt,RawConvert |--> 17381.txt,179432,
1RFsg1kZz-sSqVBENVv6m2tglRcgu1f4O,17382.txt,RawConvert |--> 17382.txt,179240,
19PK7iJ0phb7_fXWhlpz8vyzBRIKJo3r9,17383.txt,RawConvert |--> 17383.txt,144742,
1XlseCDv1QDP_lA3m4PEiqkbf-QSLwW9C,17744.txt,RawConvert |--> 17744.txt,186804,
1hVp1Exre0Qzqgx2gBhR7R9A7XpTKeT43,17745.txt,RawConvert |--> 17745.txt,119167,
1k7oE2OheQb_UytPhLMrAhmbR_t5PoZMw,17746.txt,RawConvert |--> 17746.txt,138333,
13fxrHPBnH4c_7X8s3-AZaRwm7RCKIKxj,17747.txt,RawConvert |--> 17747.txt,156139,
196MTZWDmF6pFkJki1JAC7NsnYshaBaZR,17748.txt,RawConvert |--> 17748.txt,149523,
1bTmpFJXGL2c-eALBBTl1Pp3JACvPV_ko,17749.txt,RawConvert |--> 17749.txt,145651,
1y6aTxCbKc3WSmmN0v6kPD5bSrBofTtB_,17750.txt,RawConvert |--> 17750.txt,173596,
1vnN543iehsbyO4X73bVFuUXNE__AXomu,17751.txt,RawConvert |--> 17751.txt,194754,
1PR-HEsl1u4YappASLW9CbUlskN6TpgeL,17752.txt,RawConvert |--> 17752.txt,196397,
1ooIXELApQ8-XuK9nnKc_tCVIqgkJQ4Dt,17753.txt,RawConvert |--> 17753.txt,209925,
1RNtPL930A1VIsyZlNHdPWDsbUuHqHCiR,17754.txt,RawConvert |--> 17754.txt,173031,
11tAmXo3huSw-CwEqltvsacYRveGAb6iE,17755.txt,RawConvert |--> 17755.txt,168481,
11vY2RAklVXurYQGHxQf2XYIWndpSXrhJ,17756.txt,RawConvert |--> 17756.txt,180910,
1jG_Q3n0i8ubzQu3Hj9S_bEMj2wgFVzPk,17757.txt,RawConvert |--> 17757.txt,181315,
1dckRpAVjKJlL7C5lZ8GiPI9sbXqM4HMo,17758.txt,RawConvert |--> 17758.txt,122631,
1RUmAoOTm90HWbMqD9MQTrGr_VPgdh0G8,17759.txt,RawConvert |--> 17759.txt,150524,
1wJnyQmGZKk88u7_-vozSDkA6BAjZOx9Y,17760.txt,RawConvert |--> 17760.txt,178586,
1Don6Ed369nHFoxNbg8slELzms4FIVUtK,17761.txt,RawConvert |--> 17761.txt,169450,
1IutyY9YO1DUedJ6MYgxXskmXUczOX88c,17762.txt,RawConvert |--> 17762.txt,186869,
1Q61SKb-P173vmRyzltK_Jc5RIAG46XVm,18497.txt,RawConvert |--> 18497.txt,217106,
1wyiF-JYhzP-CmPds0gjjYerXOi8zOlp8,18498.txt,RawConvert |--> 18498.txt,271439,
15Hw34qk3CG0_f4K_A8wv0OxJ4Vrsgxhg,18499.txt,RawConvert |--> 18499.txt,139372,
1Mo3IEuKZkTvwMvTx9Y7OdnNILqwcuYJM,18500.txt,RawConvert |--> 18500.txt,201968,
1qvG_vrVw8zk-RqD_5QF0IrRGIqNhoHfX,18501.txt,RawConvert |--> 18501.txt,192451,
1Mgs4sfOUoLTfVXm_rgGJvm7iIs7DBeph,18502.txt,RawConvert |--> 18502.txt,132927,
1U2o7jtlJs7dVcecJ3iQgUWDfck2898JB,18503.txt,RawConvert |--> 18503.txt,160929,
1ShpG21hGNBMGV6K0pfcDL6zFcOQP0Zwf,18504.txt,RawConvert |--> 18504.txt,151200,
1Uj9p6qEGnYnCxN7v7Lj-KdP4zhlJvYCA,18505.txt,RawConvert |--> 18505.txt,173457,
1KckunNkYnupzcIjP2RRK1vq_CZN_wr6o,18506.txt,RawConvert |--> 18506.txt,142964,
1ag_ObhnsBOL89ScIZwb61ZDuRps09a51,18507.txt,RawConvert |--> 18507.txt,186108,
10NDZjFaNtcmsb3NZo8h54lfSOrHgFOc1,18508.txt,RawConvert |--> 18508.txt,235948,
1KtlvSeccBtPYTueMZHv2yhVhrgYJGM6l,18509.txt,RawConvert |--> 18509.txt,137910,
1xMeJHVrBaU9881-zM20Jy11pCXnJL5v1,18510.txt,RawConvert |--> 18510.txt,142159,
1XjZevTH4ezG6cViFfpSqvlU8TOHFJiU4,18511.txt,RawConvert |--> 18511.txt,194746,
1DG5vAUd7GjBa8w3Zuw7Yozit4-5gIb1_,18512.txt,RawConvert |--> 18512.txt,138521,
1HCmcuAG_WzZoTXMxQUgLAOIBB1RRJ-3L,18513.txt,RawConvert |--> 18513.txt,134508,
1Dcf4XJsslKSs6NDq51SqZ3jBJbE5ARmn,18514.txt,RawConvert |--> 18514.txt,124450,
1YZknTSHAinQ53tiR7CKsHPXIj_Xe3ne7,18515.txt,RawConvert |--> 18515.txt,164794,
1WQxp0y5OiU4awXppJMO_wnQWtr7TXk60,18516.txt,RawConvert |--> 18516.txt,201018,
1sdH6ycYjHzpwOwlkykABtvrD_I6un6Ma,18517.txt,RawConvert |--> 18517.txt,122364,
1lduhqlL6-diZau9pyWN-QSWdAZvAA-P3,18518.txt,RawConvert |--> 18518.txt,132770,
11Kydat-SuxnULZ4LSvk9VywQossL9lts,18519.txt,RawConvert |--> 18519.txt,154194,
1WhhC2YF4SMaGDqnVp5fhC78UMZBvhG0_,18520.txt,RawConvert |--> 18520.txt,135346,
1KHuer91yqQpY503zYs-4mmj0oyfzJMbh,18521.txt,RawConvert |--> 18521.txt,136548,
1ELiVV_p20ZmOnWkb0gIjjZb7VgPAym97,18522.txt,RawConvert |--> 18522.txt,148428,
1grNZKkiZFuzFuy9UAC6n5wV9RkXuqwpC,18523.txt,RawConvert |--> 18523.txt,144181,
1s-UWOYeXMh396hRSOBS0lnX4sOQer5FC,18524.txt,RawConvert |--> 18524.txt,145844,
1VBJbYUbIkTI4B1v8pFVEc-c5dz0kNP8p,18525.txt,RawConvert |--> 18525.txt,145425,
1NJkm6SPy2BWhkkjpIOTBy8H9pTeNR4-b,18526.txt,RawConvert |--> 18526.txt,158429,
1FTUias2pJL1l2BLwJqmarTRPhC5f-CLy,18527.txt,RawConvert |--> 18527.txt,182586,
1m_IAa1AjTHPNR-yu4i3aj2jYLlAA3zj3,18528.txt,RawConvert |--> 18528.txt,98534,
1xoeLvB_RNsCG7XU-T3uTAnP4SyjqT6U2,18529.txt,RawConvert |--> 18529.txt,145281,
19RIHV4SmookvKi9NzszvzVGpksyesE2W,18530.txt,RawConvert |--> 18530.txt,181429,
1RwukT81RzLF0GDRNtcJVYBGni2X-4FfV,18531.txt,RawConvert |--> 18531.txt,172551,
1FrWsso51rSTG76aSK2FSJulN9rBXqfFH,18532.txt,RawConvert |--> 18532.txt,204371,
1c3SO1PWT2yPdxkv64yPEd-8Eh_nOSIgM,18533.txt,RawConvert |--> 18533.txt,230792,
1ZT3CtrhmtpaQIrJm0PanMnPBlnFtzBwk,18534.txt,RawConvert |--> 18534.txt,126793,
1p1k2sDvcoZGbd1CJMDLPgPf1NcMhitUJ,18535.txt,RawConvert |--> 18535.txt,138013,
1fiETMYnwgwj99nbg8S5As1_AWOnjwQGD,18536.txt,RawConvert |--> 18536.txt,129270,
19RUb3yC43JPHLlcP0hw9ZNOA-XID8bEd,18537.txt,RawConvert |--> 18537.txt,166587,
1yjdcL9I7Wc1Tz3elKEbi7aqRMOUARgJM,18538.txt,RawConvert |--> 18538.txt,138398,
12HgLzy2mEIlATGif2KlRjwIVR0NLGix2,18539.txt,RawConvert |--> 18539.txt,129307,
1S8u2VLHoQMUmBm0kMcZyApSUjvA0DwzI,18540.txt,RawConvert |--> 18540.txt,139026,
1xlcKU8rYW-tT6R4AwgYCP-TJoXaB027S,18541.txt,RawConvert |--> 18541.txt,165244,
1qh3pDZwMAq148_fLzF_TOAPep6L8x35L,18542.txt,RawConvert |--> 18542.txt,187839,
1fT3l44FIMfyVh8HHAvh3U_KlAYl_fUdI,18543.txt,RawConvert |--> 18543.txt,203628,
1VFc_b9nvGzPPY9X3qMTqm67SVnUa91ig,18544.txt,RawConvert |--> 18544.txt,122105,
1Op7mIlEIHMCkRS3yxxHloKBkC4bjhR88,18545.txt,RawConvert |--> 18545.txt,128567,
1RRApkDHxPoq0rpCk5hdz7177Kp17QdMe,18546.txt,RawConvert |--> 18546.txt,148154,
1U_6Un8pml9a3Ry8nDA7AvPVTtUiZBlnQ,18547.txt,RawConvert |--> 18547.txt,125197,
1Us9S2ZA4MUNhVuY2__90ds-CieariXFE,18548.txt,RawConvert |--> 18548.txt,194960,
12i0S33y6tLH16hqm5r_VRL_bCxHg_-tk,18549.txt,RawConvert |--> 18549.txt,161056,
1DeII00Lre-Tw8E9kRRa6rWJ79JXoNkb2,18550.txt,RawConvert |--> 18550.txt,162558,
1TdFS-2GrvXRLPn8AncsOnemE9aoxFfRh,18663.txt,RawConvert |--> 18663.txt,163094,
1U-3geSUUFnmCgiMIN4zqFLLc7Y4hXmKL,18664.txt,RawConvert |--> 18664.txt,199900,
1iSxrzcHubkh6XDOBlLQBsTw4cAKX5fKY,18665.txt,RawConvert |--> 18665.txt,135175,
1IlZgTYK2oDW6wtH8y8bRs07vh78cftl9,18666.txt,RawConvert |--> 18666.txt,154227,
15N_dPIZXSDEyVzooNHoEnvLXb3fyGZZ5,18667.txt,RawConvert |--> 18667.txt,127019,
1vIOL5Q7RpdocSgcWkiLVsYxSpc-_kp-Y,18668.txt,RawConvert |--> 18668.txt,174028,
1oZEmZSOMtr6_ZE4EmPzUjRaTrGPLlWzJ,18669.txt,RawConvert |--> 18669.txt,180619,
1Lkn7dbEjNvZx1DLQjKXEb6w_24yqvlOV,18670.txt,RawConvert |--> 18670.txt,128080,
1YJo-wLXi4sDPNHc_bM_2n-DQaE6Zrws9,18671.txt,RawConvert |--> 18671.txt,150342,
1jJTpUMi9waL1sEP4jnk_LY02mk3caNbP,18672.txt,RawConvert |--> 18672.txt,143573,
1b8sO57lwdrLDWK-cc6swdFptpnFdX1rP,18673.txt,RawConvert |--> 18673.txt,143705,
18SYw85HVcvO4lz7QMtSmXm13Avt1qc4C,18674.txt,RawConvert |--> 18674.txt,159909,
11p1hY3jASEIAO9FrWUPhrZ09TJ8Db9gh,18675.txt,RawConvert |--> 18675.txt,188745,
1-VsWEzsHcbD1Q4_5QZx3x3qu_U249fm0,18676.txt,RawConvert |--> 18676.txt,221623,
1N55ByW_TGdqRbA6nHMeFrDym0kE0a33O,18677.txt,RawConvert |--> 18677.txt,172051,
1fq16wwE7Cf7DZL984TACKK7H43jZLRXD,18678.txt,RawConvert |--> 18678.txt,149951,
1WGuXsMzoUcCPAqj53DJ9Nal4IL89bkQL,18679.txt,RawConvert |--> 18679.txt,130058,
1FEmw-jG-k7x7MbGayR9bsue6Z0ulQi2_,18680.txt,RawConvert |--> 18680.txt,123868,
1FFjd85Vte9wC10UJRy4oMi6qdZU19RX7,18681.txt,RawConvert |--> 18681.txt,134609,
13L-RGSzLcqCBuRw3QPQlQE370bKL_7Vu,18682.txt,RawConvert |--> 18682.txt,148457,
1h9pHq6pAbTVHHkZ8Nf12UNSp8aRjdmRp,18683.txt,RawConvert |--> 18683.txt,210874,
1qBpefXxlWo6Y4AAGXzD5G1gHQu1buMBm,18684.txt,RawConvert |--> 18684.txt,209991,
1XBXBXEqX2l1J5X11Y1NJxk6ZByMy034r,18685.txt,RawConvert |--> 18685.txt,194650,
1L7knoxIHNHb2jsk814esmPTnpy-fjw2n,18686.txt,RawConvert |--> 18686.txt,182038,
1Y3k4Fr9KCCw2N9VkHJH2PVuanJI8kiS6,18687.txt,RawConvert |--> 18687.txt,124303,
1NqQGk8lSPRDeTToypRvP-9rwkN_Qfdpe,18688.txt,RawConvert |--> 18688.txt,127862,
1c7my3l7Ms8lWRRgp7vlAlHHMjF7wcSQb,18689.txt,RawConvert |--> 18689.txt,147568,
17EPSoEhI9NavXaOALUdU6eL8kQWOSuoP,18690.txt,RawConvert |--> 18690.txt,123906,
1GTSsCwRWPPkzP6-y6ZVRC9IgHnNr2V1E,18695.txt,RawConvert |--> 18695.txt,146221,
1U-Nld5eJK8PHQZR13-OZ24mr0gW_-stJ,18696.txt,RawConvert |--> 18696.txt,171357,
1iYEwDYSgajseoPtN-coahuDT_y6ryQ_D,18697.txt,RawConvert |--> 18697.txt,167552,
1PHcnPbW-MvAlXSiKxu6hgglbY9glatP7,18698.txt,RawConvert |--> 18698.txt,168249,
1h22x-PuEUV0rTbVOUXtTokEaqYyRdh6P,18699.txt,RawConvert |--> 18699.txt,182905,
1He9e_c7EF9MZdNgv1IJQB8nfJAKLPgw8,18700.txt,RawConvert |--> 18700.txt,131212,
1f8iFKEdM7jP8kCRbMJFqJh-NFK_L471L,18701.txt,RawConvert |--> 18701.txt,126769,
1aYHjO4f48kOABDx2134MPaNeZGALKy1q,18702.txt,RawConvert |--> 18702.txt,139047,
1MbdNbDdBj9hDJmZ1nhnnWeo1hR4G8vmz,18703.txt,RawConvert |--> 18703.txt,125489,
1IEUEwN4IIHk9RI69zrhnHP28756gf7Oh,18704.txt,RawConvert |--> 18704.txt,146194,
1FNr_QnELgaHosiyx7_0M6z-k1HDCgDd2,18706.txt,RawConvert |--> 18706.txt,133066,
1dDbEpGJ2a3Jxh5X7NVuYpJjgkKK63BWt,18707.txt,RawConvert |--> 18707.txt,146316,
1CTNwZ7gjB6igT25fivtfSlNIVj9bFV_o,18708.txt,RawConvert |--> 18708.txt,175581,
15iyyYkbtExC8yiSM6Khy0jx5GksJodqJ,18709.txt,RawConvert |--> 18709.txt,190569,
1zbBkC2j4vv3YgYiV8O1_P7BmJz4LcLMN,18710.txt,RawConvert |--> 18710.txt,150038,
1wkW3og_ySTlpnx-PydgF1glWGlMQLhcV,18711.txt,RawConvert |--> 18711.txt,189186,
1LGUlQ-kktbNcscOo9tRCqasJCl22UNDu,18712.txt,RawConvert |--> 18712.txt,208601,
1rhJN7lNb2D4T44rE12DdEaXHUPZxCNGY,18713.txt,RawConvert |--> 18713.txt,146444,
18AUND2iYl7NGJp6ZBX8e8EAQDvYuj318,19098.txt,RawConvert |--> 19098.txt,126651,
18m8uIF6Fgf-Ron8qZnaeTr20NVekQ80q,19099.txt,RawConvert |--> 19099.txt,129503,
1YlsIDqaMslHCtHwnN3GC5pNOQ8Q6kBje,19100.txt,RawConvert |--> 19100.txt,143920,
1-4TLX6O3yWB2kpzwVUzoiOCw0qRzxwyP,19101.txt,RawConvert |--> 19101.txt,144362,
16Kdw_fbIv4iu6gy90YNBhnm7ewXnCvha,19102.txt,RawConvert |--> 19102.txt,137476,
1O8aMhq7wkAH6rLeNmjPdafJAnQz4R50j,19116.txt,RawConvert |--> 19116.txt,131856,
1i1g-mvSKPnMSwPduxEjk2hX_OLmHrr4s,19117.txt,RawConvert |--> 19117.txt,135449,
1ywkfDC8F95QA5W4Qy38U0axIWwNsHN4l,20081.txt,RawConvert |--> 20081.txt,147184,
1K9Eg5CwC5xZgkSOt-DTj3XVCHwBxAPbi,20082.txt,RawConvert |--> 20082.txt,141131,
1287nRnXpHJ1BXw9bqNKWIEgaUzWRTnQ_,20083.txt,RawConvert |--> 20083.txt,137088,
14Pj8rUyBGbTjH8lQUcu4Elu0w6svn0K2,20084.txt,RawConvert |--> 20084.txt,145685,
1dhHEAdDWnAeedWURuGrEG_L8y668opS4,20085.txt,RawConvert |--> 20085.txt,154711,
1PkJNGG63qiTQH3lV-SAwefIpAS2iCJ6A,20086.txt,RawConvert |--> 20086.txt,146793,
1t98YFeINXYnsfXeynhZ1Bws3Jqxt7Iyv,20087.txt,RawConvert |--> 20087.txt,140099,
1dyW7apBJay653yHTeE03dkgOcY1DAle9,20088.txt,RawConvert |--> 20088.txt,138318,
1qzQLTeoM_q0pJ6QzaHb5JFIQjGHagP0g,20089.txt,RawConvert |--> 20089.txt,152565,
1Rv-gyGx6mI_PTqPfLeZhkYeR9RB4sKEy,20090.txt,RawConvert |--> 20090.txt,134966,
1FzHhc7KVAv_DLNlKjb4oxtlFl2537mAy,20091.txt,RawConvert |--> 20091.txt,127998,
1T4VUJWID_vyUHbPNJQY9GfkHfiMnIIgS,20092.txt,RawConvert |--> 20092.txt,136045,
1DXsxO9C67fbczxgZnJDaG7AFsx6-WZas,20093.txt,RawConvert |--> 20093.txt,153128,
1DVMvPGulFCsNYPp_j3R-YcwpACm9MQKh,20094.txt,RawConvert |--> 20094.txt,149010,
1j0QQl4UVNm8kgPfQfCenRW3YY927mFdJ,20279.txt,RawConvert |--> 20279.txt,154247,
1n5veJwpo-wMmCLDJzVjBp6xVuKE3ypC8,20280.txt,RawConvert |--> 20280.txt,159691,
15d9ievyuTy4uHNddO0oSvdM4Eq1TlDEt,20281.txt,RawConvert |--> 20281.txt,126692,
1I0sLhjoR9Nwn3KLHqCQ3Ww7-bFe4xTp1,20282.txt,RawConvert |--> 20282.txt,124413,
1ju2V70SDvcLxahTe41curn5W_3DMKU1z,20283.txt,RawConvert |--> 20283.txt,134502,
1Z68IjWKSkIF2Kclec59Soy911GzrNv5N,20284.txt,RawConvert |--> 20284.txt,154250,
1Lb9BLh4hepQuXfv10tU413Umb6WC_wbc,20285.txt,RawConvert |--> 20285.txt,148768,
1H_-OeOu2KrEZalF82mjCZS7-L_a1H_nL,20286.txt,RawConvert |--> 20286.txt,129044,
1GOJxjYs4GdwiW4nYVW1Bue98fes3AYcR,20287.txt,RawConvert |--> 20287.txt,138947,
1NtpTwlTtzY3vtjNm1TtDw7yX7PIs6d2A,20288.txt,RawConvert |--> 20288.txt,136270,
1qdfEEkGZROheLEztJm6VPPum0TYNSL_Y,20289.txt,RawConvert |--> 20289.txt,145500,
1jarh9y3U6JPecqDhfYQCRano5E8AAYC7,20290.txt,RawConvert |--> 20290.txt,140694,
1R_Mlz-fiNdRFvSbu_ntInGbVC3i3kmqe,20291.txt,RawConvert |--> 20291.txt,146428,
1d9HGCybY-vGICjK2LetUFdGQpVCYaCeT,20292.txt,RawConvert |--> 20292.txt,142162,
1-hSduWMln3Z9TemdWReMklLvd6iFu1fC,20293.txt,RawConvert |--> 20293.txt,151274,
1Avw32cf4J4p2rH_lvPly9jioC0zCQjSc,20294.txt,RawConvert |--> 20294.txt,176771,
1glFomw9jbrwwznuww3OCoIkaTNemv4Pj,20295.txt,RawConvert |--> 20295.txt,190887,
1PqenwZ_TkRZQwC86qH9kFghMU0561N0x,20296.txt,RawConvert |--> 20296.txt,178142,
1eEk3OWaA-MVdpEHiqG7OQM8mL1eVUahE,20297.txt,RawConvert |--> 20297.txt,200862,
1qcqHDjxBD45ZhJ71pHAOPGy_MR6Ng28V,20298.txt,RawConvert |--> 20298.txt,189116,
1e_6jl0GHqN8T5pQNHdYouFrc0mx0NZPD,20299.txt,RawConvert |--> 20299.txt,186859,
1Tdyik5rxL_Qs4kR69yFHt4AP9Ys1SMLz,20300.txt,RawConvert |--> 20300.txt,184036,
1QfHA4MQv1HfXNhg-EbtDKBG1rCeePi5j,20301.txt,RawConvert |--> 20301.txt,156791,
1jdGR3L0OAKhmBr5CN-wXs3T9Ll2AdU9f,20302.txt,RawConvert |--> 20302.txt,576652,
1bCcW3H9KkUvPM9WVk-dlx-bgw21va4Ub,20303.txt,RawConvert |--> 20303.txt,1820125,
1Zk0LQidSfduSRffm1RUNALDT6fS8e8Qw,20641.txt,RawConvert |--> 20641.txt,1862740,
11eNcZa_74fdFNeZ86zhnGiJ6tf-PHs5a,20642.txt,RawConvert |--> 20642.txt,126116,
1X45GODV2UOo8GSK2LPU0IKyZULH-Tj7Y,20644.txt,RawConvert |--> 20644.txt,379751,
11cAnVMW6wEXgYLifSH9iuSqaZ9zYyuPE,20887.txt,RawConvert |--> 20887.txt,292607,
1ZmjCe2Rl0gzeA5tCDjDP4C3PWnedEhJs,20888.txt,RawConvert |--> 20888.txt,563194,
1rKsltrTi7gXDkV4iRklgnjEOvlConfUD,20889.txt,RawConvert |--> 20889.txt,440717,
1qHvPg_9In7pL79K_FFqdWT7NZip_1nPm,20890.txt,RawConvert |--> 20890.txt,196767,
1IF8aW_J0yJpoJFjn27OGQg9VYgJIk7I0,20891.txt,RawConvert |--> 20891.txt,152160,
1WHvcV6khDU4ZeVoXfSXQL1V4K9PfoSw1,20892.txt,RawConvert |--> 20892.txt,198932,
1OqPmo3WfVIfyejnK5IkQYgVKaYm76Lpl,20893.txt,RawConvert |--> 20893.txt,162985,
17f5ThxOZr4bqTSe2-I1dOhzz69m4kXlU,20894.txt,RawConvert |--> 20894.txt,177320,
1OeX2VaI6H-iMzqP6WSszo3Us-nYHWKm2,20940.txt,RawConvert |--> 20940.txt,472351,
1RVOfefIbxlD86Xm-KMYL_nfL1wtJLqOg,21670.txt,RawConvert |--> 21670.txt,178199,
1VyauKbcVOGJKGP767B4Ad9bc_MIQDkB0,21671.txt,RawConvert |--> 21671.txt,219923,
1wy2YdsD2VmljL-han1lSxhXLRTbmnPqb,21672.txt,RawConvert |--> 21672.txt,321482,
17yEsa62gxC8H-KePiIv0MsCONBb8mXgB,21673.txt,RawConvert |--> 21673.txt,564558,
1aIFSBVkzypPZoAJoU_x_P_x6LHrPw0OW,21674.txt,RawConvert |--> 21674.txt,440937,
1mVEXvJHyMDL88rofGP_nsjVkOenGh3_S,21675.txt,RawConvert |--> 21675.txt,223609,
1dwoC5Qh4sj_QCBUbSDaSFi0sc9ctPLO8,21676.txt,RawConvert |--> 21676.txt,250800,
1IoRT3uDOUsSHTSlSQVnGTjKCcx8hQO8a,21677.txt,RawConvert |--> 21677.txt,363672,
1caOhw5k6B2pWyh8dP0SZtSjUHMkvcFO7,21678.txt,RawConvert |--> 21678.txt,373138,
1Fyv8aqFhDDDs5h_QM75nnqJjkdafTJCi,21679.txt,RawConvert |--> 21679.txt,232395,
14y7fecfm1NSg_auBGjwtspnhb_4SJYOB,21680.txt,RawConvert |--> 21680.txt,243748,
1XzGxTB5Qdx1eVeZA25FQFvV7OcOKb_qv,21681.txt,RawConvert |--> 21681.txt,267568,
1nCHKOFsoOKhGnvG_g2-FCMB8YfxWJSDH,21682.txt,RawConvert |--> 21682.txt,271940,
1RAjt-yJY91KUcA7-8ApKBpluYiudRcvp,21683.txt,RawConvert |--> 21683.txt,335209,
1L700qMnlGGA1Z9XFEWM9SS9PyGH0_jGD,21684.txt,RawConvert |--> 21684.txt,335166,
1uy7Ikccwelrlh56Ivt0kvDFvl298JavG,21685.txt,RawConvert |--> 21685.txt,734364,
1pSRLSIkGimzbAxTnS8H0nj5EUvGQhPbV,21686.txt,RawConvert |--> 21686.txt,250973,
1USDpRmVEUYhvdeo9cpBeU7g7YeArvN71,21687.txt,RawConvert |--> 21687.txt,295028,
1fhL9sFvcben1JTtXKSbtxyyhwz1yHHO0,25018.txt,RawConvert |--> 25018.txt,969227,
16y7Z1fggVT2BZWlODGMEVI6JuVwVidnW,25020.txt,RawConvert |--> 25020.txt,1675443,
1NPiOyA8Um-W4cTDRN6OgUiQDflSw6gL5,25021.txt,RawConvert |--> 25021.txt,470134,
1lzq8B9t1er-yc5tQGOAHjBUKydebTmFH,25022.txt,RawConvert |--> 25022.txt,1504689,
1oRg1de5oUEQPgG4UuESvnYbYeyhVVmI_,25023.txt,RawConvert |--> 25023.txt,182822,
1D66OelXQ7m_VjWSRVd_xOEqCle1tB0ci,25025.txt,RawConvert |--> 25025.txt,68330,
1GNWK_WE6zsfC9127ZCAtSnly2ZBimI_V,25026.txt,RawConvert |--> 25026.txt,576324,
1Q5Y894hbPmpF9O7I5J3uJY251AG5VnQQ,25027.txt,RawConvert |--> 25027.txt,1375169,
1IhiR6g_FlBfCQqbl79gjQciXd_jF2SEW,25028.txt,RawConvert |--> 25028.txt,617879,
1d7bDH79Ji_gbzMwpovrO0wxwf4csT6Jv,25030.txt,RawConvert |--> 25030.txt,575322,
1ARvWGg5ywbvZ4cJo1xfeQ3epKwOJI65M,25031.txt,RawConvert |--> 25031.txt,596977,
1N6geenkV01Atl11QWPPM-OIFEdMdrLNC,25032.txt,RawConvert |--> 25032.txt,644588,
18yA89Ap18dgduAJIgp17pZZdQE7OuEYE,25033.txt,RawConvert |--> 25033.txt,1539522,
1Gaty8JUESLRgP47WSS061BzSzu_JV-cY,25034.txt,RawConvert |--> 25034.txt,413739,
1gHKfCCrFWgUnxHlgi9v5YwWVnNCsWz2C,25035.txt,RawConvert |--> 25035.txt,657472,
1oNM9PwFD804dvfFY0_SY_wcuTNiSyjHS,25036.txt,RawConvert |--> 25036.txt,253287,
1FZbwjQTYBuc5rIIkRvvzQpI0tf1nWZg-,25037.txt,RawConvert |--> 25037.txt,135890,
1wFGR2rMyBFv6RoxxhoNhwpsA6pZwC7Dj,25038.txt,RawConvert |--> 25038.txt,157723,
1CyQKPy6sqyLANyzkLuCVZ7z8C_P6RuUN,25039.txt,RawConvert |--> 25039.txt,280651,
1T3H1bx9zda7jPJkFLNuOO1OUJXP-Xtm0,25040.txt,RawConvert |--> 25040.txt,424223,
1FiHXwCGOYZaNnDpsDYA70_TD7Hk-Ubiy,25041.txt,RawConvert |--> 25041.txt,1774570,
1A3xPYvyOCZ7MGMb6yeybn2p1e-UEmjtU,25042.txt,RawConvert |--> 25042.txt,332407,
1hWUh82XdnXYoaZuyGj9rGgIkd6n3_fuQ,25043.txt,RawConvert |--> 25043.txt,925105,
1WQVPer1A8pVrtHZWOoI1VIAdqpx5AX56,25044.txt,RawConvert |--> 25044.txt,266843,
1uFkNZTokcSJtShC0vqP7t3M2t1tvu39w,25045.txt,RawConvert |--> 25045.txt,119905,
1YdZU68uNu9Jqh9Xi_YLSNnoKhDntHJRx,25046.txt,RawConvert |--> 25046.txt,104801,
1xBLR_m5eyYTndiAiV54N2AzDcDzw2oqk,25047.txt,RawConvert |--> 25047.txt,940802,
196vQwhh_jDBIskPBzIDdwNeTPyIxyA0J,25048.txt,RawConvert |--> 25048.txt,246603,
1GH37NR0anGpXTDwnySF12aFx5yA2idVR,25049.txt,RawConvert |--> 25049.txt,705388,
1VdMviV1W1p_u9-0SuLWrAw3SqMF5M9Go,25050.txt,RawConvert |--> 25050.txt,469590,
1FXAtq7bmSRmvPZmFm9M8QPvZv7ESODoo,25051.txt,RawConvert |--> 25051.txt,532160,
18v-rI2gw8r-8-h5BOjB8mBjYxDlzPWU2,25052.txt,RawConvert |--> 25052.txt,666216,
1VQW1cBA3BtkKtMPpOJeFHfnX991RjZfJ,25053.txt,RawConvert |--> 25053.txt,193993,
1IgbMTVEn7ABo8j1h9LmS3p61791IsNRF,25054.txt,RawConvert |--> 25054.txt,320579,
18tLuIj0pzIy-SMslBXPtRVJ1Cbuiz-LJ,25083.txt,RawConvert |--> 25083.txt,292859,
1JlXZ5xJnTMYTMkTk5MlNDZ8-JSToaobj,25084.txt,RawConvert |--> 25084.txt,210419,
1WQv6-ndUzpmLgHOnfkxxPQF7MntVl_rk,25086.txt,RawConvert |--> 25086.txt,1466667,
1c5Zty6AcRIBASxNyPDgPHvdP32P700nL,25087.txt,RawConvert |--> 25087.txt,502130,
1ooQ_L9xnWB8THFm6SFtxW2fyVbbsIL60,25089.txt,RawConvert |--> 25089.txt,1803727,
1ycql2wyK7QgxvomAfGH5OzidgczCQj-x,25090.txt,RawConvert |--> 25090.txt,839430,
1SCJpddgAGUZK1wUUdeed_fue2syUoTkS,25091.txt,RawConvert |--> 25091.txt,756807,
1yeULEzqQEHy9MBXG7JZclabhF8SN0Zwa,25092.txt,RawConvert |--> 25092.txt,364495,
1iW3PAXeWLO7-9hu8y9XOtfgzcjNm8PHP,25093.txt,RawConvert |--> 25093.txt,89469,
1JzjVtaYj3rEzC_TaaaZVMxHk2_VSAEzh,25095.txt,RawConvert |--> 25095.txt,632812,
1gOlvJ24t_eOaFebE2z7XDU6CJoDe0K3D,25096.txt,RawConvert |--> 25096.txt,185968,
1_3elZcrUYoIlqvEWVRG9S_5ePBIO0QIR,25098.txt,RawConvert |--> 25098.txt,63144,
1Nk9Jh9QNFQ7RD4hKoxRBM_LicOZviXu3,25099.txt,RawConvert |--> 25099.txt,103851,
1697he7DxC9GOIc8uZbjRm9GzZfwj7UYn,25100.txt,RawConvert |--> 25100.txt,133114,
1hvDucNhqlVyJfezX0eukG7gMCS_9bhUB,25101.txt,RawConvert |--> 25101.txt,192885,
1ahdp7gGhs5J06L_HnrOeXK4HKhSPFvMw,25102.txt,RawConvert |--> 25102.txt,167543,
1pqdZw4vkJ4Pgrj0ELIYwC9LmeBizma88,25103.txt,RawConvert |--> 25103.txt,201756,
1z_i2vvV0-sxPRrBxtT7EKoXPNDzGt10S,25104.txt,RawConvert |--> 25104.txt,970152,
1Wqe46HOeK15pC4l1UpMKnI8HXMIn9so5,25105.txt,RawConvert |--> 25105.txt,126197,
1hrx5F8_tsf2sI4E8hCgA50oMDHXN9K14,25106.txt,RawConvert |--> 25106.txt,248987,
1V-hJDAme33v_FjVStxZ5EXc7mk1CtS3T,25107.txt,RawConvert |--> 25107.txt,612640,
1wSHBnl-lfi0BoLDWcRVWJIiY3EOecook,25108.txt,RawConvert |--> 25108.txt,207281,
1ki6msCUNRD7iuj_nFa7kESA2SwyQdrO2,25109.txt,RawConvert |--> 25109.txt,311049,
1z92o3xKJ-eAZ66she_m_rW768saYpyXr,25110.txt,RawConvert |--> 25110.txt,149769,
18kW2m2GxQPdaTE1CASjCQM2fSjgwt9FK,25111.txt,RawConvert |--> 25111.txt,504175,
1Wd8UbqXVhtnY-UAcldKkOfYx4VvB8DAd,25112.txt,RawConvert |--> 25112.txt,984120,
1wGhzFPtW4ICKT1_mkj5icVgrnx2ej6N-,25113.txt,RawConvert |--> 25113.txt,851917,
1xEbQ7_BCmc58Fv3q2vTDIssi_q30aGcI,25114.txt,RawConvert |--> 25114.txt,944143,
1eD1WsTDkQO46l_DbaQ9rssKFJJnrRXtk,25115.txt,RawConvert |--> 25115.txt,671199,
1qgjyA5dIfsMkbh5E0gHX9_XXZesgfRLC,25116.txt,RawConvert |--> 25116.txt,636372,
18FCDS_dLBmyWABEK9YQt8zKzLRC7Amr-,25118.txt,RawConvert |--> 25118.txt,904123,
1ulKVo-bPNIdLnfvC_dtCtAS0IsJdAJck,25119.txt,RawConvert |--> 25119.txt,225210,
1gYN4KIXXOJiRRaRvUhUYBajKZsytCrDY,25120.txt,RawConvert |--> 25120.txt,147231,
1Y8yXNvFH70myBgTpxscy2UYIzcmrlG6r,25121.txt,RawConvert |--> 25121.txt,224058,
1Xcx7931DLUYaZASiXXYwL2ZxH_j0ibpG,25122.txt,RawConvert |--> 25122.txt,297945,
15qcXlbekZ6gf0LeRc7PQAvV0NYTlBkT_,25123.txt,RawConvert |--> 25123.txt,289099,
1HnATNFrOsVkQoPJOOgWV2tiCVUMixBiA,25124.txt,RawConvert |--> 25124.txt,1086534,
1bKhLaDko4ust2E-InZ6c8N52iGlgDzu-,25125.txt,RawConvert |--> 25125.txt,285376,
1ZNlXE2gC67t_W7vMcCvCuHdT9dD-Lmkw,25126.txt,RawConvert |--> 25126.txt,311802,
1sCvemN4n3y5uFLq0JKCUakYsKfKQUYs3,25127.txt,RawConvert |--> 25127.txt,265823,
1cDAYN3CZ2Bwgl72GZflL9Uhayg9m-v1b,25128.txt,RawConvert |--> 25128.txt,247831,
10ckq8LFaD-J0-RTpNRG6SivDYWQrx3lV,25129.txt,RawConvert |--> 25129.txt,151784,
1dS6hRDcpSUliyW7QaFthvH4DPRyiAF4I,25130.txt,RawConvert |--> 25130.txt,182624,
1MAmlUeFGZhI5Q7aTkOR0c0CmvVvDzWHJ,25131.txt,RawConvert |--> 25131.txt,147067,
1Qb6vIUuNMav6mjvk9rBkccrqtau644BA,25132.txt,RawConvert |--> 25132.txt,200901,
1sL3bs136XjcdRh5nWdb1k939JQk53j0H,25133.txt,RawConvert |--> 25133.txt,203379,
1Ydntzj40J-n2ePJLG_e15MDT9vEUgAbM,25134.txt,RawConvert |--> 25134.txt,298417,
1khfgzIFzjaqFSSr44jBZNgDo3gzRiF0Z,25135.txt,RawConvert |--> 25135.txt,137417,
1SIq-o89XTgtA3rpvaM4jN-HVXToPR6lX,25136.txt,RawConvert |--> 25136.txt,232125,
1tNb2FSX1tqwe76FDCT3H4hKodlMgjvF1,25137.txt,RawConvert |--> 25137.txt,262019,
12JEhuSsppzBGPM7IVo5jn-obtQolDJVR,25138.txt,RawConvert |--> 25138.txt,297056,
1rTSk-Agvnaj706NEoAog65nIDgYkfOhj,25139.txt,RawConvert |--> 25139.txt,315567,
1HlhRm9DR_VUcjRKEhRoWkN72nc3mBlIy,25140.txt,RawConvert |--> 25140.txt,136488,
1sHEGPuNOfGdI17MGwoacLSInGNO0r1Fn,25141.txt,RawConvert |--> 25141.txt,191554,
1kYc7WRZxx5mFONn8LVIqvF7oQQYTtGOl,25142.txt,RawConvert |--> 25142.txt,250735,
17sPbUtsNKpWIPQqFvn2d69yQXOa5uFVD,25143.txt,RawConvert |--> 25143.txt,347915,
1jxGIECpSgBqomz8fcJdUF-cvyJALzPDK,25144.txt,RawConvert |--> 25144.txt,363941,
1FGUYY45MAsb7LnCGCytsRSIYQIpI_Kx3,25146.txt,RawConvert |--> 25146.txt,578959,
1IMlI65Kefk_mze8znaycR3pS2iJMw8SF,25147.txt,RawConvert |--> 25147.txt,484724,
1GryqvsZvwmQqUteuIDJENzmqT9n-vFtN,25148.txt,RawConvert |--> 25148.txt,568548,
1-k84MP_q3KJM1-TNK8plWYhWNjqvGlze,25149.txt,RawConvert |--> 25149.txt,1925420,
1jWZGNSgq_ch-Uo6opr3DOTQe8fsz4vcO,25150.txt,RawConvert |--> 25150.txt,747618,
1zdZU2lJSg3Idfj0wx60fIislVG9I-nH1,25151.txt,RawConvert |--> 25151.txt,451761,
1M_eBourbsWpGaZAW-jZoivY6iQpUSmSh,25155.txt,RawConvert |--> 25155.txt,1735159,
1dOjdwyJkGXVnBuZsTUXqegwl5CrmB4Sg,25156.txt,RawConvert |--> 25156.txt,1654441,
1NPfTwAKUo-1opoyVhn3eL5bdi1gLsdbN,25157.txt,RawConvert |--> 25157.txt,133426,
1Iv7jISlsDA9ikKJrX64hqh9J5sCgchVp,25158.txt,RawConvert |--> 25158.txt,153832,
1FlLXpD6EIm0Q8SAtUPrym1LeilWqvGbE,25159.txt,RawConvert |--> 25159.txt,165388,
1Uc8uGSKmnhYI8meNtYJopzmLACBkHz5o,25160.txt,RawConvert |--> 25160.txt,197051,
1gfR1bSlIbwF4xhLAIGAo89ZaGk1Ixnji,25161.txt,RawConvert |--> 25161.txt,873972,
1u8fLxpW2VVC_TLyr3PMFcZHtF7-VkFEo,25162.txt,RawConvert |--> 25162.txt,821532,
1dvFqQBa6Ive2YF6Po7_bwXs6aFo0ZFfR,25163.txt,RawConvert |--> 25163.txt,190565,
1KGpeyxdZRc2J0jLHyah2eRaHdEepfiVy,25164.txt,RawConvert |--> 25164.txt,237514,
1S4Ji0YlgO5GJOkDDAwQoCc3aUl18S1hC,25165.txt,RawConvert |--> 25165.txt,218089,
1V25b22JCAKgf2nWGl-T1Qs9IOllDNaky,25166.txt,RawConvert |--> 25166.txt,174383,
1w8xrkcU-NHTeBzTBZRgJihewBrUp4qlD,25167.txt,RawConvert |--> 25167.txt,229705,
1azN89mMhDmJfVTbP6a3LvH7wdWaicvGF,25168.txt,RawConvert |--> 25168.txt,224406,
1pBeKbhO97SnZUBl0lSC21ZmR0cx17Ji8,25169.txt,RawConvert |--> 25169.txt,239544,
1QUlDG9xEZYBuEvy0ZkIJkOWrcE_OVz4j,25170.txt,RawConvert |--> 25170.txt,235602,
1uJd_VVFu5aTPjUJUrIFG3Tsk9DbqSDy9,25171.txt,RawConvert |--> 25171.txt,228534,
1nGi5vqy1XVC3xEM3U89dHaaFHZVy85Et,25172.txt,RawConvert |--> 25172.txt,215067,
1a980yai6__z5KmWvrHiBg-o-6mJ5d1dt,25173.txt,RawConvert |--> 25173.txt,258732,
14XZXVWyZnBXbLzGqJ8rGQwdTuje64C_j,25174.txt,RawConvert |--> 25174.txt,240679,
1_p1XjiwuGf1uowqpeZYsqwLwy9mVT8oO,25175.txt,RawConvert |--> 25175.txt,250764,
11dxuLH6dEEFmgQj8g8_f6XDRGsT14fTY,25176.txt,RawConvert |--> 25176.txt,102871,
1pnM64thyyRKiQuLgxITXuw5KUZwzwVQQ,25177.txt,RawConvert |--> 25177.txt,196961,
1jO-gniSJIzd-GvVpeKmnldeR5uAlFAcc,25178.txt,RawConvert |--> 25178.txt,227615,
1wT045v938BySZ5VlJE5vUkR1U_S1o6Zl,25179.txt,RawConvert |--> 25179.txt,223355,
1707Rmuu1ubOLeZoBfXO06_27jMZOW-Nf,25180.txt,RawConvert |--> 25180.txt,263526,
1dYoy9y4aTIfeoawmq4M0Yhf30p9luLoG,25181.txt,RawConvert |--> 25181.txt,259369,
10s9WrAMPTERtfZKCtKoWY9rzf0ndMj-_,25182.txt,RawConvert |--> 25182.txt,282907,
12Z_jAWgSKSbCum67x_hqZ8kNLTWEI4Kr,25183.txt,RawConvert |--> 25183.txt,309799,
1abnD0Msu62UA9OVsI1tbDABKlPyXM2JK,26681.txt,RawConvert |--> 26681.txt,1137414,
1gZx6ty23le3u6ovGptiq9gJo4-rZq-6E,26682.txt,RawConvert |--> 26682.txt,320231,
1z8eU_LVArqvi4tqZH2p_C4rR1XtmJpnO,26683.txt,RawConvert |--> 26683.txt,1523854,
1DFL92Nf0DuUx6H6D7v3Eg5FlKxYQgIGY,26684.txt,RawConvert |--> 26684.txt,1213215,
1zmzLHZc439qpiV3QNIKTiTrkd447kq_j,26685.txt,RawConvert |--> 26685.txt,226736,
10NjImf7cIvLtwMDhzE3LGaLI0GV0L3ce,26686.txt,RawConvert |--> 26686.txt,220545,
1KFzXM-AP1XC5KcjpmI1mp-XF5Z4VWFT5,26687.txt,RawConvert |--> 26687.txt,213630,
1uYK18iNA3IvTo7D6d2A77oG2al7ZWZH5,26688.txt,RawConvert |--> 26688.txt,190738,
1DRfrikEmT6FiqwYGpXnIyNcLgilHOvAu,26689.txt,RawConvert |--> 26689.txt,193229,
1-wIu7IX-hkfisrwMMJsLuD5C3jB4GUW7,26690.txt,RawConvert |--> 26690.txt,244687,
1Kuq59iMe7BH1X4I7oJyvlxxUxGbyhxao,26691.txt,RawConvert |--> 26691.txt,142110,
11gfbugkTbnSbJeDfm7Nxn4Jj6Oul6N9R,26692.txt,RawConvert |--> 26692.txt,244257,
1BXt9m8xKEdBEzh8JtgJWxV-mXUxcpi1K,26693.txt,RawConvert |--> 26693.txt,257946,
1ejJtr6se4MTdAt27xT5DFWEJkQyUHhWd,26694.txt,RawConvert |--> 26694.txt,225693,
1ovksEoj1Z73Mc-WIi9i7gzOKGFlrql-y,26695.txt,RawConvert |--> 26695.txt,225921,
1GBzBVjg8tic-J2rXpRWoNg2LBnnx9JO5,26696.txt,RawConvert |--> 26696.txt,223810,
1k2AFCAXdJsOwMdpXv3hNh6QXR8KfJJBS,26697.txt,RawConvert |--> 26697.txt,267085,
1rD83eXC0Tjm2aDo0QwxxtZ1ofvFm-jCa,26698.txt,RawConvert |--> 26698.txt,349842,
1wJjW0_JdA5yUdrQlzKuoxgsNPpcArM9w,26699.txt,RawConvert |--> 26699.txt,340344,
1sL-14nc12wzfWjiTaGsfX4VvuE0OreAw,26700.txt,RawConvert |--> 26700.txt,311841,
1yl4JDHz7mR07L-lbguXoBXzgswKqJhmL,26701.txt,RawConvert |--> 26701.txt,288541,
1H_9iwdeT3pAdsxmJdozL7kYG0j90plH6,26702.txt,RawConvert |--> 26702.txt,296239,
1A0WTJ-ogg3sTQQcoyyeQ3_Co6XM25CgK,26703.txt,RawConvert |--> 26703.txt,277854,
1bDrIwFxCukWu8WFPz2Uc9M_6_F4Uai00,26704.txt,RawConvert |--> 26704.txt,458320,
1Ju6SUyU5HwWQlXgmtJv3kUS2uAz3z926,26705.txt,RawConvert |--> 26705.txt,291488,
1D7E_3jsbS9VF5VDSWKpDDErJ9IzGp4FT,26706.txt,RawConvert |--> 26706.txt,281848,
1nHsrLvCr0LGGTjDm887XdjTGXFppQsLf,26707.txt,RawConvert |--> 26707.txt,346506,
1q2o_xXpszJ7Kj5roThIUlGIm_VNxysDi,26708.txt,RawConvert |--> 26708.txt,336454,
15ytmxlwctvB9MNMwyJQe5mJg-DVSHwXV,26709.txt,RawConvert |--> 26709.txt,336800,
1-wIh2wiL1jxCr4aG4kf3uQ8mEOv3TU0O,26710.txt,RawConvert |--> 26710.txt,552732,
1ZttvsjMSwchPK0ZsDBlKUjFLJ1EAbWA2,26711.txt,RawConvert |--> 26711.txt,357716,
1F5A3FUIITc9BsM328dZfMO6FkGw162C7,26712.txt,RawConvert |--> 26712.txt,348471,
1HXR0RhL4vFIln77FdegTeUjbyUMKj1jT,26713.txt,RawConvert |--> 26713.txt,330701,
14bSujHIUsuqzQuDMzTcWdMN2bjj1IIAQ,26714.txt,RawConvert |--> 26714.txt,473799,
1RKP6Q-t1QTpC7R-pheIZJEHfnnuhPE7s,26715.txt,RawConvert |--> 26715.txt,561266,
13tLa1jEoSrxNNZ6HTjv_cEA-wwaPQtRN,26716.txt,RawConvert |--> 26716.txt,535996,
1IQI2ZHgtkqy0uFvhKvQvM1Y9JF95HdMj,26717.txt,RawConvert |--> 26717.txt,419743,
1lo1UnnWWkxoafoNXD_b82dK7hVBOJkjg,26718.txt,RawConvert |--> 26718.txt,628318,
15UlQIPjfKZFvB1vS9T0kjBXLb_J7GRmX,26719.txt,RawConvert |--> 26719.txt,550786,
1I5KIRJp7pVpYSGyZXr7ReaftuSF0OPEI,26720.txt,RawConvert |--> 26720.txt,539493,
1wKPGp7MWVZonzZCDmj33Ct4NzbteucMn,26721.txt,RawConvert |--> 26721.txt,821096,
1n-OS3ujrMsLpCfJZEiMAzIVsvnKT8fYV,26722.txt,RawConvert |--> 26722.txt,747334,
1fh2im_sgr7R8kbK3vaqeZYQb_Zg7oWLH,26723.txt,RawConvert |--> 26723.txt,686945,
18PQ2189rNeNfvngvtU9LZRoitJvLDq_l,26724.txt,RawConvert |--> 26724.txt,702020,
1gyJfc1FxSqB-A2Kx2ShwXr3puH6SSLvi,26725.txt,RawConvert |--> 26725.txt,1189473,
1SeLUmNM7WQaTKeEOqf9jHJ_cQdg_3xVZ,26726.txt,RawConvert |--> 26726.txt,743141,
1jOJVspwu9g6PPZ868qfPWchaiPB_0-Vf,26727.txt,RawConvert |--> 26727.txt,1666628,
1gpkHBwqd2SYFdzldSEL_g6awYmqE7uaN,26728.txt,RawConvert |--> 26728.txt,194224,
1gGizbloi-aS3ECU4UUMoOr7thnoNYPvj,26729.txt,RawConvert |--> 26729.txt,322806,
1_REbSK1wxYy3h3n0EoHj76KLCSOostfT,26730.txt,RawConvert |--> 26730.txt,281007,
1WJNt73yLII9V2IFZ6x3vsqC0CC7Yr2c1,26731.txt,RawConvert |--> 26731.txt,306138,
1CxgHla5nT0PbIVueyA8VygbfKQQQkrAK,26732.txt,RawConvert |--> 26732.txt,278510,
1N2riZhhw5dN2Maw-5_xaLZoO3LDqfqRU,26733.txt,RawConvert |--> 26733.txt,264644,
15B7oJWWIPF_TFABRYwS7ND3WOD7ykbeF,26734.txt,RawConvert |--> 26734.txt,352320,
17OvWfVswHG3vaUFzNx-t3tia4Sz9gPe8,26735.txt,RawConvert |--> 26735.txt,356243,
1hjUsDVAsnoI3moYfZAUp7nzrKUXq9RqN,26736.txt,RawConvert |--> 26736.txt,329129,
1PP7ClYJTjhpl1Rbt8A1NQVbN-NQ7V8x6,26737.txt,RawConvert |--> 26737.txt,340927,
14Ox7lKkssjOAjwFl3nuyp1nfei5B0QgV,26738.txt,RawConvert |--> 26738.txt,827746,
1s68Pgi4AuKYOi05-OFnPdflrMcuM-fD4,26739.txt,RawConvert |--> 26739.txt,532967,
1kpvpwiqe3JoLgnrY1sVx4uJPtVhf2lj8,26740.txt,RawConvert |--> 26740.txt,454042,
1afDOA2p4UYl7Z7r-XKQULLcEUYKYih_g,26741.txt,RawConvert |--> 26741.txt,385986,
1Dh9A9Jha0-BjYCxV5joG4MJYxtFuseAY,26742.txt,RawConvert |--> 26742.txt,359779,
1cu1DrC3sdn51ZxAYjvqJ3v8ZeTkTOB2Z,26743.txt,RawConvert |--> 26743.txt,288487,
1Rjh0LfZCKUNYbSynQlHHaFudQSzsPOtg,26744.txt,RawConvert |--> 26744.txt,658841,
1zA9_MsqTOUF-3exROswbfkjIsr--Cdru,26745.txt,RawConvert |--> 26745.txt,614549,
1zRArCKdwIBMRGEqIIVL5KKjQJV7NBr7J,26746.txt,RawConvert |--> 26746.txt,630814,
16UYkRsARsmV6BaQ9JSNjENA_EqWeCJO5,26747.txt,RawConvert |--> 26747.txt,593841,
1eplKplVVcIJrrig27VPqtMTUGzHQzgHM,26748.txt,RawConvert |--> 26748.txt,946736,
1WlQpDTIfiQOMfltiFRWnFsuQ0UaCtmue,26749.txt,RawConvert |--> 26749.txt,874078,
1Ng6gHW2tt_J4Ex-_0cFbACyG_6zC9tGF,26750.txt,RawConvert |--> 26750.txt,746546,
1aAte3fmku4Oq3KIK_Us_ASFWB4_6zcwy,26751.txt,RawConvert |--> 26751.txt,1111174,
1wd2YeD8vplTaI3JKXE_hHUOWxUplFbw4,26752.txt,RawConvert |--> 26752.txt,987297,
1TPh6QLNWahRbRQolyTQkdqIgJ_C_FcoF,26753.txt,RawConvert |--> 26753.txt,1009432,
1083vE0-G65lEkprIps5dH40o6HgdBaoi,26754.txt,RawConvert |--> 26754.txt,1633781,
1vLMLWIC3Bq2cwDLksTBTEIlQb2jBD74p,26756.txt,RawConvert |--> 26756.txt,1621743,
1-EcJKnkk1OPFNlUfNlNKEvkPaB_XSe5k,26757.txt,RawConvert |--> 26757.txt,1904191,
1-KpUXaUUvGk1EkKUew5KlUY-LvinZHIe,26758.txt,RawConvert |--> 26758.txt,843333,
1kfe7OA5RRCIJ1kgi95W7748lmVMmcg1l,26759.txt,RawConvert |--> 26759.txt,1195343,
14BQ2C7CkBNfnRIm_VfQ5RuVchkFL-uRh,26760.txt,RawConvert |--> 26760.txt,1184396,
1ZyJ7cNZHwzzQx7yaF9wbVsQ3FAngj_LO,26761.txt,RawConvert |--> 26761.txt,1008059,
1vLVRpXB4UUCPyp4mzeNCI-4HDTOxwrVL,26762.txt,RawConvert |--> 26762.txt,1144084,
1WWtvP6NBeP0D5l6H4KmO2rPOhu3IKiqU,26763.txt,RawConvert |--> 26763.txt,1433088,
1jp3NhN0LJ8xK9IGTZudv3-yisOawGWSX,26764.txt,RawConvert |--> 26764.txt,1396306,
1l7h5G6J1fBRj1etvloApRYXTRGPZjWiC,26766.txt,RawConvert |--> 26766.txt,1860699,
1U_xeL4dzdzBa0GNBF82c_NkAlPWhosvK,26767.txt,RawConvert |--> 26767.txt,1683409,
1jzBDsC2bsdVj2-T-hW09jc943P4M4ou9,26768.txt,RawConvert |--> 26768.txt,37034,
1SbyOpEcdpBSDLXzbl1UthLG8zKcglES5,26769.txt,RawConvert |--> 26769.txt,1569378,
1Wd_xJcZv7YP1xD6nHoxk8KF-uJLDQ82X,26770.txt,RawConvert |--> 26770.txt,1439607,
16kWZ26Z2-O4fzOH5WYXwYFesSVBJoWDK,26771.txt,RawConvert |--> 26771.txt,834433,
11lnFXk7_JvW1TOgvoZiakJM2OLoVEtFn,26772.txt,RawConvert |--> 26772.txt,193671,
1jpO7F6dbk4KcVSxnK2BzSxqS7CpvjGqc,26773.txt,RawConvert |--> 26773.txt,96616,
1jGEVzMMzBDUAdDZW0gPHqzGXz_dVpXy0,26774.txt,RawConvert |--> 26774.txt,229312,
1ns6n85znN7ddKraZHJDwluZu5f_0SKnQ,26775.txt,RawConvert |--> 26775.txt,214587,
1J3DR5z8U_0cD1tXIuY8lR2Lb1Wr_-7fA,26776.txt,RawConvert |--> 26776.txt,216322,
13aCT9xhQSTmsu0NYu981_u1SPmBo2NWl,26777.txt,RawConvert |--> 26777.txt,213124,
1ypn7_G8rc8CZERbN2-gaCxC9Fd-4QW_p,26778.txt,RawConvert |--> 26778.txt,339516,
1WFL6y70jlcIMgV8kwE4_q9WpVSPS090_,26779.txt,RawConvert |--> 26779.txt,239381,
1VhRz9-NKJ9RHPTz4sb_SkyGk97EYFA9y,26780.txt,RawConvert |--> 26780.txt,250539,
1KW_MIZ0Ni1kWBscjbWlcuqGkvM3DLl1x,26781.txt,RawConvert |--> 26781.txt,201888,
1qp30eTDo91GYWNASc-o7JE8hu27U1sae,26782.txt,RawConvert |--> 26782.txt,252820,
1GBQ45JiLTnO0cNN8SToieL39MmYN1rxy,26783.txt,RawConvert |--> 26783.txt,231602,
1JZFs6ao1GewhYtL8g1KuUGD2TeSEGKYc,26784.txt,RawConvert |--> 26784.txt,324218,
1w1wv1tSeJ6NL5XRPbfcOp4ZfK5UMzv-K,26785.txt,RawConvert |--> 26785.txt,298054,
16f_r-C32DOzR0sNejWjB7LzrqJxk2nhh,26786.txt,RawConvert |--> 26786.txt,611626,
12ruefDV6QBPGtYG3kkj5-33WYmdcEFB9,26787.txt,RawConvert |--> 26787.txt,405686,
1324ut4ADPamySlEngmHOnKoJ-4xBQ7Kw,26788.txt,RawConvert |--> 26788.txt,330123,
1qRD58i4FtRlswGm9JaS7fvZ5wuzkZBgt,26789.txt,RawConvert |--> 26789.txt,1560140,
1lzc6553ff2bHY1rEhBNZvz1ezRb0k01m,26790.txt,RawConvert |--> 26790.txt,335221,
10keIyiz1Xl5KRedFdyPPQpl1n8Nh6g_a,26791.txt,RawConvert |--> 26791.txt,1512537,
1Dgdd_c990qAesRGAXIAaEA1Iron-PL8u,26792.txt,RawConvert |--> 26792.txt,1085626,
1XbK4MRQs5orSelg7ou11k2EtPE0hXem8,26793.txt,RawConvert |--> 26793.txt,704658,
15jeTQ587Dd1ta8373cqKzvjOF2eFBHCE,26794.txt,RawConvert |--> 26794.txt,624136,
1Bi4C6Hm2xsLbAqNG03u4DfEKZkF31Ixy,26795.txt,RawConvert |--> 26795.txt,229394,
1vifPxN_mGw4hWs8P1x_GeJ6RQYHTvcjy,26796.txt,RawConvert |--> 26796.txt,273740,
1ueRGC9yhziNMs5FD01c4rNLSLYoGz5xH,26797.txt,RawConvert |--> 26797.txt,285093,
19tmkDtDduHkrRo4DEKtw_6P8whgltk0_,26798.txt,RawConvert |--> 26798.txt,291548,
1LorKbg3yJ6w8k1qMUEidYrIJOZEpoceh,26799.txt,RawConvert |--> 26799.txt,459127,
1wzSDrgRAs2tJfqpWbBRP_P4OIpeIMHAI,26800.txt,RawConvert |--> 26800.txt,349282,
1mt-9p2TWuxTP5Ka6UXqFlBmUfvwkCu23,26801.txt,RawConvert |--> 26801.txt,664603,
1Der1p6kmynWR7eBb4nrql7_d3Hrpfi6o,26802.txt,RawConvert |--> 26802.txt,450919,
181_R_fCNw-eY85W8WWbIBH6tWR6ycB_z,26803.txt,RawConvert |--> 26803.txt,696452,
1Adc-8Rry09Ph3tGJRP3HDP9Hlt8QscOD,26804.txt,RawConvert |--> 26804.txt,302659,
1Ty7dwvwF1R5wSvC2P004b6yIeGUULs4f,26805.txt,RawConvert |--> 26805.txt,327484,
1DtXbMoYMvxyC-hbycaOOUWSQh5bkfg5V,26806.txt,RawConvert |--> 26806.txt,349180,
1wv8Cq-epFGcMzk6htuDv6IEsc_9Ry73F,26807.txt,RawConvert |--> 26807.txt,330382,
1U093VDNIbNn_NkljqaEkyQkFbDWTjNgn,26808.txt,RawConvert |--> 26808.txt,1832789,
1NwxzMw2Vq2QDKUdi1dh09n6xA5MPi90h,26809.txt,RawConvert |--> 26809.txt,278827,
1Rb4DaWwjn7CaNc9WiNIZcWSC_9Iu3Csb,26810.txt,RawConvert |--> 26810.txt,230747,
1FRw814GwcPrcDPvgTLdD4pPd6NREhyY5,26811.txt,RawConvert |--> 26811.txt,258945,
1uIjvkMBYuSjIoLCLsIc82Xf4cl1bWnz4,26812.txt,RawConvert |--> 26812.txt,78376,
1e3NI49mvRUDOBTs2kY13_9izvx3NvS29,26813.txt,RawConvert |--> 26813.txt,65711,
1gKIGAlpmLckJ8Ub85Mro6XqE2CiaRnmW,26814.txt,RawConvert |--> 26814.txt,63734,
1MaPyx9M8nW8m38cr87VWFCcriGTxJAbl,26816.txt,RawConvert |--> 26816.txt,121273,
1AEL1l6bADwhFSHgoMp6wbkcaUKommxKn,26817.txt,RawConvert |--> 26817.txt,128568,
18DHAmNDmymDbsHL2cZoxNyOzs7NXWBi4,26818.txt,RawConvert |--> 26818.txt,127245,
1E-jumOfUwRX_MQeTWEEmHZCKggX7B0o1,26819.txt,RawConvert |--> 26819.txt,122253,
1xLTb7SbskxRq7Pd0Uxj_ZRko1897gTUb,26820.txt,RawConvert |--> 26820.txt,201889,
1gyAmt4NEZslGsf7NDpbnoSYnbtiq-n3T,26821.txt,RawConvert |--> 26821.txt,178576,
1d849UZ55PBwPSiqXo806NaZLWNVtLGfN,26822.txt,RawConvert |--> 26822.txt,159155,
1o4UK2eSaGZNWuZOE5nOTHOTQMFkzk3YN,26823.txt,RawConvert |--> 26823.txt,146462,
1xNqp4e1jBJKn2WdOjQfYoMVT49X1y3tr,26824.txt,RawConvert |--> 26824.txt,311881,
1U-mOOJDcz3bXy28U4qiIdg7LQWbotRv5,26827.txt,RawConvert |--> 26827.txt,1038530,
1zrGnT_TG3DBV3oMhOa3Ibagsa7UiQcdK,3855.txt,RawConvert |--> 3855.txt,465028,
1F-_-wPzXhHFiu0EzYu_IxBNNTTALu31g,3856.txt,RawConvert |--> 3856.txt,260456,
1CqdItQ4bgntfyT1bgx-IajqZk9a-QCwI,3857.txt,RawConvert |--> 3857.txt,89161,
1-6dd-CPFlQucSZ5IOLs7y9ARcZPI3OBB,3859.txt,RawConvert |--> 3859.txt,257773,
1qQUAwMxdIyHKjAnLCDX3KG74J7gKhjgV,3860.txt,RawConvert |--> 3860.txt,362881,
1V-_JChyUD9P45dizBCUxzxvCJGE_Nea9,3862.txt,RawConvert |--> 3862.txt,687277,
1cqtgs1ETMKpWtkNUscl_U1UxsiFTMgT0,3863.txt,RawConvert |--> 3863.txt,428329,
1zevpYftSc8b0Q984w_cvFuTVUezdz1Yu,3864.txt,RawConvert |--> 3864.txt,138615,
1B85VFenar991_fovMIwaHH7F0HLj2oI5,3865.txt,RawConvert |--> 3865.txt,444766,
1VvfX4MMWxXAXgrhy1l4CJJ35ZLHOVwea,3866.txt,RawConvert |--> 3866.txt,271880,
1QacmboNKbMg64-8wW50RQRezSlMbnPHd,3868.txt,RawConvert |--> 3868.txt,141571,
1UIzMjjqoqDecjRODzdkSZukS5WG1DXhI,3869.txt,RawConvert |--> 3869.txt,145780,
16QVnpQj3wJtgKE-Ue5EkZyCmPZpR_utA,3870.txt,RawConvert |--> 3870.txt,208544,
1PAP__SFusfinIaWlEH8CXzDGXBrDXR-Y,3871.txt,RawConvert |--> 3871.txt,210687,
1WfuGNLoxck5qiw0iHppoDoHercbXMpsk,3872.txt,RawConvert |--> 3872.txt,246787,
1Th1O54hXO0hnAOrRexvvPqdQ6MHINcJW,3873.txt,RawConvert |--> 3873.txt,281551,
1ntGTy-4FrGfgLzUPPals3XYFQSCt-nrt,3874.txt,RawConvert |--> 3874.txt,247600,
1BMY39sh_OSYtpxZFk7YFjST4QdDA5D5k,3875.txt,RawConvert |--> 3875.txt,123954,
1HIWey5hkEQz9Yz9TxK3DYFi4BYS8Fl0c,3876.txt,RawConvert |--> 3876.txt,109347,
1WYxfNu1x_lBlds3RnzZpDA94jIorD8jw,3877.txt,RawConvert |--> 3877.txt,115051,
1gBL6tYQoeJn4kpN0HCJh5qvz5QAUOOTH,3878.txt,RawConvert |--> 3878.txt,116261,
1gCxelulOzUEDPL9_mZltEnzdcQ8oRXht,3879.txt,RawConvert |--> 3879.txt,308707,
1banjtsje96stJUAMnIq7bHRoIk-COzvh,3880.txt,RawConvert |--> 3880.txt,330591,
1ce-XWCZh6Fpuv38laIe6Uu__MmLoCN_2,3881.txt,RawConvert |--> 3881.txt,331495,
19KiEqvvRtg_C2rjr6Fsn06Jq7Nt_l69P,3882.txt,RawConvert |--> 3882.txt,365816,
1PzgdFeCmDcxpTGoBP3Oxg_e-IQ5vrMxQ,3883.txt,RawConvert |--> 3883.txt,393791,
1tYGu99Nay-M0XVP9XLl2htbldzTPyPP0,3884.txt,RawConvert |--> 3884.txt,428129,
18XIcN8jc0kC02kKz9wTcrtI2lCSeKGDB,3885.txt,RawConvert |--> 3885.txt,526356,
1Kl4p-vZkUFwWNp_FbpLT-TO3gaAcA23g,3886.txt,RawConvert |--> 3886.txt,489876,
1sSb10MnhJxJt31dh2FgD38vM5MW-EvPP,4424.txt,RawConvert |--> 4424.txt,503504,
1NRzP8Y0jZuvvZwuRC4bnyJ1QuVGiBJxP,4426.txt,RawConvert |--> 4426.txt,1865958,
1quYSIKqf55bnk-XdVc06VvlTHffu89Jy,4427.txt,RawConvert |--> 4427.txt,237225,
1Yj5SdwUUHdLQ8UPXsXMEQvcpOKySecay,4428.txt,RawConvert |--> 4428.txt,179000,
1p3aDX1GGaW5P-e23hmx-7X67giQaWus9,4430.txt,RawConvert |--> 4430.txt,243592,
1RdSVlkdIgWQBiSvziQYVnJkLCH6dA0p6,4432.txt,RawConvert |--> 4432.txt,855425,
16_pKSDlK6k3dgoDNcuUoC2Bzv1bqliMc,4434.txt,RawConvert |--> 4434.txt,1570275,
1m6jyHLF4JKrVXDi30shHUiwQ2v95Keua,4436.txt,RawConvert |--> 4436.txt,495645,
1LWe9voV8GqU7feIO8uR5PgKy7dUB7x0P,4437.txt,RawConvert |--> 4437.txt,273772,
18KhBF8y1SwCCpWPFCmO7VW16TekaDTk-,4439.txt,RawConvert |--> 4439.txt,200754,
1e7NQoEKuThlX6ga6F3VJG53MZ-XNViP9,4440.txt,RawConvert |--> 4440.txt,1256273,
1SZISLVcQOvI7I7EmToboPqKGDVlLxQSp,4441.txt,RawConvert |--> 4441.txt,247658,
1-XkPo431S63cdv0hwS2BHmpQrsu1rWk_,4442.txt,RawConvert |--> 4442.txt,1567074,
1ZaV-zJj0LAauaAHCTMftXxgr1B1l1Ffa,4444.txt,RawConvert |--> 4444.txt,122152,
1kzFisqmFCatHi1krhbKXhhP7qG3wGigW,4445.txt,RawConvert |--> 4445.txt,1782640,
11RFXFJaCQPxOUTLqXWHHjfbZwqu3nCHh,4447.txt,RawConvert |--> 4447.txt,223061,
1G_YA00H79JjRKFhtfTDeuvzU2Ey4hQVL,4449.txt,RawConvert |--> 4449.txt,260624,
1aRjouSRxMCNfsl_abJBZ34IxlfL2_ZIG,4458.txt,RawConvert |--> 4458.txt,453539,
1xY3d2HsEpyTsi6-EuFEAFc-CqdKsH-PZ,4459.txt,RawConvert |--> 4459.txt,1789283,
1q0gDF_QmoNBZLjUA_0LYZk5mJF7N5AQa,4461.txt,RawConvert |--> 4461.txt,332525,
1WZR0wfnWDILzrnlHpauNflmCYguhXABX,4462.txt,RawConvert |--> 4462.txt,1478785,
1lG163aIcgil_lkP_6Ollr5pax7lUkSZa,4463.txt,RawConvert |--> 4463.txt,230533,
1nyqlyH1-hbsVwL-ETYgB692xQSDLCni4,4464.txt,RawConvert |--> 4464.txt,449260,
193Td3HTyN62Slqbi4kEdjx4gTYz_V72_,4466.txt,RawConvert |--> 4466.txt,215313,
1AHXGxX4kPvQSyQY3idHpl3OJj0HqMSXy,4469.txt,RawConvert |--> 4469.txt,167975,
1AZj4xT2_MER-kCUXBITKJ9TeDz1YmAEj,4470.txt,RawConvert |--> 4470.txt,168368,
1-mYcebri26b9akhL49liLi6MUfu-ovdt,4471.txt,RawConvert |--> 4471.txt,370621,
1zSGOtgRWjHxy2l2clqLGI_g8rzLX1Xpv,4472.txt,RawConvert |--> 4472.txt,344831,
1x8bjLCXxVnDHw8ajYGWVz8mZNg_FzXbs,4490.txt,RawConvert |--> 4490.txt,1038079,
1jb-HBvu4NR2ps7F2ImxjgXhwwsvVSfbg,4491.txt,RawConvert |--> 4491.txt,211909,
1uMY1-x5S1hA5AZjJD1leKL04C_vuNfmG,4492.txt,RawConvert |--> 4492.txt,283889,
1u4-OfaSkfsitp6HYeXTnOrA1xxYzBp1p,4493.txt,RawConvert |--> 4493.txt,219225,
1tkF0PuqYgSTYPg4J08naaxkFYGlFRUQm,4494.txt,RawConvert |--> 4494.txt,200230,
1AQj4pgH4C_G3D1MarRDjENssM5DcZNfx,4495.txt,RawConvert |--> 4495.txt,740783,
1ddf6UxJhjiEMG323UR0S-F2rXVRMe5pv,4496.txt,RawConvert |--> 4496.txt,1813647,
1Nutz8EqF3Q6uMNX3u2YKPmwbI61ifH4D,4497.txt,RawConvert |--> 4497.txt,339126,
1_r-_xd__z4yqV7fdoxkqGRuQy7WhyIsT,4498.txt,RawConvert |--> 4498.txt,256814,
1oU18J-62gNwyiWkrz6L8uaVfSydvc1AF,4499.txt,RawConvert |--> 4499.txt,237858,
1rJyOmxyvczW-RRzPVB3weY_s5EjdBXrK,4500.txt,RawConvert |--> 4500.txt,454711,
1Y2S0NUj98Zj1dL68Z7Tj75ycC9J0C4gL,4501.txt,RawConvert |--> 4501.txt,1365562,
1oAZSD3VX9LwIh9WwK4OSd1i1M1xHoaG0,4502.txt,RawConvert |--> 4502.txt,94664,
14jUiNxL7zMc9CQY25za2ma72-OCjLXTp,4503.txt,RawConvert |--> 4503.txt,379785,
1ZM3RGWil9Sid5zjpk2xetByhcYQwt4TE,4505.txt,RawConvert |--> 4505.txt,547690,
1rTCSByNYqWiwB8GYIdeVovPPxbp8cm27,4507.txt,RawConvert |--> 4507.txt,989467,
1Z9dN1fCxpN0VGQ7I3pDLpDeq8gtIPwsZ,4509.txt,RawConvert |--> 4509.txt,714735,
1PDebviHjCF2FTS0duLgnUo-OV4qLGdaK,4511.txt,RawConvert |--> 4511.txt,372082,
1cN0dHM9cFSh_7_jTkchyZ7d9l5ObVQqY,4512.txt,RawConvert |--> 4512.txt,827769,
13D6UOH4UHNJlLaCyie_bATj8xXg3zJJ4,4513.txt,RawConvert |--> 4513.txt,437783,
1gfSai853Pg2PIS53PuYVFd_Azf_MKkRJ,4514.txt,RawConvert |--> 4514.txt,209010,
1lyJE0OTy4VTyVOjMAGacBMA4P65IDQXB,4516.txt,RawConvert |--> 4516.txt,393263,
1n9Xo-wG0OEEksmV_-i8VpEm1SX6lCbhu,4517.txt,RawConvert |--> 4517.txt,236919,
1qg1ahF_YlwXXx--ALGVGNsvZUWfsRQXX,4518.txt,RawConvert |--> 4518.txt,134193,
1r4Bzi6wLohEADw0gbaUbgILMvnhYrXv3,4519.txt,RawConvert |--> 4519.txt,1703771,
1D8OAbakVA5t0hvkKR8TDYZPPsQagoU8q,4520.txt,RawConvert |--> 4520.txt,83685,
1PA9ybzPIggmI9T3cpLcdxxf1jgmSNZiA,4521.txt,RawConvert |--> 4521.txt,252459,
1WppkKoXRcdZvJyeKX3EeyLaH_sQONjQb,4522.txt,RawConvert |--> 4522.txt,364445,
1HTUGzor0j5spv0fE7AVtF1fqS1SRN8ZT,4523.txt,RawConvert |--> 4523.txt,273393,
1rR4iyTiGyOvVuSR1ELDhqfF3arzQ0T4W,4524.txt,RawConvert |--> 4524.txt,257050,
1lLrbipuUETMJMW7wkGIb0UBXBsPTksx-,4525.txt,RawConvert |--> 4525.txt,327566,
100MMQYLNyjXy-xEz_pMA451E_x-W4a_F,4527.txt,RawConvert |--> 4527.txt,263243,
1XAejRmdU1k8ufeQadzaIFKA3pEWc8OkM,4528.txt,RawConvert |--> 4528.txt,519193,
1xObHo7NY9awVXBIwgUndpsrJgY2CWfko,4529.txt,RawConvert |--> 4529.txt,241100,
1DeKJ4fHXrb320opSX7NKsFTXVpq8q-P-,4530.txt,RawConvert |--> 4530.txt,563189,
1Vd2rLM5szkYR7sESsjJSr3PdbhvJuwPB,4531.txt,RawConvert |--> 4531.txt,236889,
120rHtol1jna8RZEChhfpeHsbFluVMsoL,4533.txt,RawConvert |--> 4533.txt,164833,
1d6XSX8uISCdXygr2lCfhKyt1XI6DrGUx,4534.txt,RawConvert |--> 4534.txt,177766,
1aU1-fW7Od8cnU6EHIGF642mkvCGSHt5c,4535.txt,RawConvert |--> 4535.txt,970973,
10DZrBPcd_GZVyJ2N-qDVPDmtOdWgrki4,4536.txt,RawConvert |--> 4536.txt,143190,
1E7sFUGkLZv5049GS2zz4rklQE-EZeiiB,4537.txt,RawConvert |--> 4537.txt,602827,
1vmo00rujud8c39VfI9peHo02Gn5kLPqZ,4538.txt,RawConvert |--> 4538.txt,223372,
1LSSoRGQBaVANxpmDEp9-1Pg71Hy7k3Op,4539.txt,RawConvert |--> 4539.txt,126297,
1_PzsGgeWq7e3xW-DYxvVtkowA3KTkdpa,4540.txt,RawConvert |--> 4540.txt,916863,
1vVLC70qrpVGPi31cRA6eZsG0Dcwlcbcd,4541.txt,RawConvert |--> 4541.txt,121003,
1vbAidi_o5MUGLryZe6CWqQTahwiNeA0k,4542.txt,RawConvert |--> 4542.txt,187013,
1FA5Vm2FrBxbujEY_arKwoom9_3f4Mz-r,4543.txt,RawConvert |--> 4543.txt,195621,
1B5dd3kEcTWllx1xnWbgXbw8V__UytBRv,4544.txt,RawConvert |--> 4544.txt,522734,
140wZ6FF_Fo3D87RurCbZ7Jmvs9RcNDlE,4545.txt,RawConvert |--> 4545.txt,215471,
1ZHMoSofCHrcli1oYheyd9G0QzXGdo1rQ,4546.txt,RawConvert |--> 4546.txt,316643,
1WcxClkzcmTvs1nUg-jjemz-CAWTp-ykc,4547.txt,RawConvert |--> 4547.txt,129438,
1s15aglIVs_FnZ3YWtRzHVJZ1wCLApGIt,4548.txt,RawConvert |--> 4548.txt,658418,
1OIeRccI6oQoL5sdAi5_3cGHIpR_gf4L4,4549.txt,RawConvert |--> 4549.txt,328624,
1e82IlKva03K25kp9JNzAt3fKJwNoYj-_,4550.txt,RawConvert |--> 4550.txt,202940,
1BvuekcGWgor9OYuCcCu7Kz007EFqmsqV,4551.txt,RawConvert |--> 4551.txt,247084,
1ob_jOrDXcPgNFepeaLm7OqdWGi-MwuHk,4552.txt,RawConvert |--> 4552.txt,448488,
1gOUQFyawH98QSU6pBTCnz46vBHQtI60B,4553.txt,RawConvert |--> 4553.txt,219638,
1V09xs9V24DzNA3B3TEg3ZSR4B6o1ZBsZ,4554.txt,RawConvert |--> 4554.txt,311804,
11jtZxKiyHbup-vqLhS0D7mMUBAnCYPQQ,4555.txt,RawConvert |--> 4555.txt,746102,
1z2pX3lM1QZOryqHmsjoZix1jGt374J6q,4556.txt,RawConvert |--> 4556.txt,262233,
1tf2OfktmZh8E4Xgm_rA4930sU8JNpg6a,4557.txt,RawConvert |--> 4557.txt,158135,
1CaUox12C-9BZVMRG8pGFZdWp_scx2N9B,4559.txt,RawConvert |--> 4559.txt,1152182,
1HevdAw2aicR1GpgU9a3dWuABua1OOHnw,4560.txt,RawConvert |--> 4560.txt,112367,
1ORatkk4uhwPlSoXl5GsC8cB2hJ6qRzkN,4561.txt,RawConvert |--> 4561.txt,735152,
1bG4-A7w2SvJxVhS_K-zSkWqXEjU1Z6aq,4562.txt,RawConvert |--> 4562.txt,106445,
18ji7iIXLqLXD5ECnQL1dja2GtQaCAIfU,4563.txt,RawConvert |--> 4563.txt,337896,
1gx_7pD-JRw2rUG5G6yy4pjwqSd9JDcVU,4564.txt,RawConvert |--> 4564.txt,435695,
1Tz0xdcPvxGaXo280upWzB55MKFprS_uO,4565.txt,RawConvert |--> 4565.txt,1844708,
1nX5M1wobuBVqnS5HWEavrFf5GRFXrwVe,4567.txt,RawConvert |--> 4567.txt,417253,
1Vr_wkMnk8UWuFKoOzk5x1KB5YL3ZNPxg,4568.txt,RawConvert |--> 4568.txt,1755400,
1dZKV0AjD8KubAO6Ws2IWo1IXoFX_GZ6q,4569.txt,RawConvert |--> 4569.txt,149008,
14JOTJEVq34FR89I3gXSn1TNbZ0D7LAYc,4570.txt,RawConvert |--> 4570.txt,367022,
1EdM41yE4NUOOORE38MboIqqNt0w73Zal,4571.txt,RawConvert |--> 4571.txt,367966,
1uckWQ2amZrQwBuDYlYbYSJLhRQHB4NtU,4572.txt,RawConvert |--> 4572.txt,314316,
1UOqYYYaYWqBUrGsILCFZ4nMObYDWIc8o,4573.txt,RawConvert |--> 4573.txt,141107,
1Y9FRME4Z9iNLEIMoYFsoW8GMveWXkpu_,4574.txt,RawConvert |--> 4574.txt,96513,
1rMfeNRYNNIGDhrSkUL7aWhn3X0AHo1c-,4575.txt,RawConvert |--> 4575.txt,93136,
1owEIGhGv7r12CPqFYY43HYx_hHxbch4b,4576.txt,RawConvert |--> 4576.txt,208586,
1wepJ7IngdzkW3_V4I0raY9VjBLVMnolq,4577.txt,RawConvert |--> 4577.txt,232013,
1WTtKcuFfl96xFyHLQhFn4fNNUOwnhZHQ,4578.txt,RawConvert |--> 4578.txt,181723,
12d0vbiPhMf34wvSgHNIy92e26sFVMMwQ,4579.txt,RawConvert |--> 4579.txt,168406,
1HnCb5-wRC0VDDh8uyXpXb7uTuFjGz9gR,4580.txt,RawConvert |--> 4580.txt,117148,
1eV7rQB-n76DttnrtVH7Z55ya-xpFLeQW,4581.txt,RawConvert |--> 4581.txt,100182,
1LH25VTSahqdl_QxwhqNsMY0hHd2eIXV7,4582.txt,RawConvert |--> 4582.txt,299913,
1qBuxYLJtjsJR2di6s9TdheY_8_nda8X6,4583.txt,RawConvert |--> 4583.txt,268536,
1wkTSiU_Y2FI3YUWGy1lD5YnCsiB7tyAH,4584.txt,RawConvert |--> 4584.txt,159554,
1_Cfs9cGx4CihdgAONmC7NikOwxUAbXTt,4586.txt,RawConvert |--> 4586.txt,933181,
1zOj1zKsUuTxokVkmwJb36UYFxALGeW5b,4588.txt,RawConvert |--> 4588.txt,236927,
1f9QdWXn95KKKveL0TE-kFlpzEPA_0t5J,4589.txt,RawConvert |--> 4589.txt,1710984,
1LT0z1_ML6GxYpnPOX1o5RS94q2L8qAYL,4590.txt,RawConvert |--> 4590.txt,392966,
1gtTwn-8NWdmS0SNL011D7Dgv7MY_BVOX,4593.txt,RawConvert |--> 4593.txt,146138,
1DcZkN408Q-5K6xwoTG2x3JA12RtWDAJ8,4594.txt,RawConvert |--> 4594.txt,132072,
1tyJkC1quCXaUD_gMKeyR-p30YsUDUHnw,4599.txt,RawConvert |--> 4599.txt,458048,
11s98XpzwSI3rNkrI0syx2TyFNG00N109,4600.txt,RawConvert |--> 4600.txt,181543,
1145WcM3LW0PHuZovyt8bzSe5iwkC32rx,4601.txt,RawConvert |--> 4601.txt,162684,
11muXUVwVLpahKFZ6lnUZ1UDfZJN1M7fC,4602.txt,RawConvert |--> 4602.txt,181192,
1jCjePCzqP1esh2l-RoNb9XQNNj1G1fn4,4603.txt,RawConvert |--> 4603.txt,97427,
1Xk97tMl2eoYfUGJe4rmv9sMQQntxeUCS,4604.txt,RawConvert |--> 4604.txt,175307,
1kVG1Al3Sjk9tqVQLfQAqs4XOJQD6nzwt,4605.txt,RawConvert |--> 4605.txt,271301,
1tQUNj8VLlKG7kSus8uVdh69s3ezXCGOz,4606.txt,RawConvert |--> 4606.txt,280960,
12SRpPt6VNebbq_KrxXH7o-SxeYDo4BZX,4607.txt,RawConvert |--> 4607.txt,430691,
1rzvll1k0NerrcZhtoJPtvlXS0feqzE6G,4608.txt,RawConvert |--> 4608.txt,145299,
1TaVLhC12Vb4pVGJVia5bNddxtwJAQs2d,4609.txt,RawConvert |--> 4609.txt,163718,
1oUJvwgH3hkEwvq0J9_UIsbn74-6TePXe,4610.txt,RawConvert |--> 4610.txt,223585,
1VCKA-C8njiHdFV_JRVSUml6V3dmOQa0D,4611.txt,RawConvert |--> 4611.txt,400848,
1NVa707ARznvx99twjfIY4mu2R0q9XjbU,4612.txt,RawConvert |--> 4612.txt,195741,
1ZeoJeQ4Kh1a3cbAPxHUJbNMDTkLRA1qm,4613.txt,RawConvert |--> 4613.txt,310438,
1i0lA_vCpVPpQoKa-Y04PGJjefYAETGUb,4614.txt,RawConvert |--> 4614.txt,184636,
1WlPS0TFSRuCiUhWRlgxcU0M_AAq9i42O,4615.txt,RawConvert |--> 4615.txt,133385,
1SUIEzUxX-8S8hz2ACGc6JDjUHDBU1yHO,4647.txt,RawConvert |--> 4647.txt,192766,
1FVz4ZVUvs7aDMTnczmU21E9JGZoFU9wa,4648.txt,RawConvert |--> 4648.txt,191439,
1R6NQesJHk03oHzRFXINohGU2_r2haeuV,4649.txt,RawConvert |--> 4649.txt,179018,
1Xi9NvCZlpyJdJSHIk5a2uqfCBqk4Cpbm,4650.txt,RawConvert |--> 4650.txt,268848,
1e6zTo7Dnx1opgNd8oLhlw6Qumz8hdGYG,4719.txt,RawConvert |--> 4719.txt,147513,
1dgxt5DsGhxBOCJ3vlX14WeVrAA7CVvUw,4720.txt,RawConvert |--> 4720.txt,362911,
1k941or7ny5zkNApoaOaAoX4Jn40TfFna,4721.txt,RawConvert |--> 4721.txt,339393,
1r86xH6QWxhGJpRIjGkyQuE77ZsrFATyD,4722.txt,RawConvert |--> 4722.txt,405248,
1lbQ04XLgfdGGc7qzdss8xUoYAl_28w6_,4723.txt,RawConvert |--> 4723.txt,289923,
1-h8pkIy7sZweMmilnZ2nT7qCEvT3LU03,4724.txt,RawConvert |--> 4724.txt,98593,
12qocODA4hAN_UDJeUFl69UBNvhq9MKVM,4725.txt,RawConvert |--> 4725.txt,162001,
1U6509-Sh2wP5T1hTtPk0I9_Z7ZlZZBvn,4726.txt,RawConvert |--> 4726.txt,227639,
1TyzcY9DXhxXzLp44rbjOL9rcPqZrDjU5,4728.txt,RawConvert |--> 4728.txt,862192,
Gdrive ID,Name,Full Path,Size,1XuRrYKl6gPb_8Yk762JYcIYShi8qyd-r
All files has been listed by Sat Sep 26 2020 12:01:48 GMT+0700 (Giờ Đông Dương),,,,