<?xml version='1.0' encoding='UTF-8'?> 
<ns0:feed xmlns:ns0="http://www.w3.org/2005/Atom"> 
<ns0:generator>Blogger</ns0:generator>


	<ns0:entry>
		<ns0:category scheme="http://www.blogger.com/atom/ns#" term="Columns" />
		<ns0:category scheme="http://www.blogger.com/atom/ns#" term="Block" />
		<ns0:category scheme="http://schemas.google.com/g/2005#kind" term="http://schemas.google.com/blogger/2008/kind#post" />
		<ns0:id>post-5</ns0:id>
		<ns0:content type="html">hello content</ns0:content>
		<ns0:published>2019-12-03T07:55:09Z</ns0:published>
		<ns0:title type="html">Hello Hina 5</ns0:title>
		<ns0:link href="https://eakar.ga/index" rel="enclosure" type="vi" length="0"/>
		<ns0:link href="https://eakar.ga/" rel="enclosure" type="cn" length="0"/>
	</ns0:entry>

	<ns0:entry>
		<ns0:category scheme="http://www.blogger.com/atom/ns#" term="Columns" />
		<ns0:category scheme="http://www.blogger.com/atom/ns#" term="Block" />
		<ns0:category scheme="http://schemas.google.com/g/2005#kind" term="http://schemas.google.com/blogger/2008/kind#post" />
		<ns0:id>post-6</ns0:id>
		<ns0:content type="html">hello content</ns0:content>
		<ns0:published>2019-10-01T04:55:09Z</ns0:published>
		<ns0:title type="html">Hello Hina 6</ns0:title>
	</ns0:entry>


</ns0:feed>