<?xml version='1.0' encoding='UTF-8'?> 
<ns0:feed xmlns:ns0="http://www.w3.org/2005/Atom"> 
<ns0:generator>Blogger</ns0:generator>


	<ns0:entry>
		<ns0:category scheme="http://www.blogger.com/atom/ns#" term="Convert" />
		<ns0:category scheme="http://www.blogger.com/atom/ns#" term="Full" />
		<ns0:category scheme="http://schemas.google.com/g/2005#kind" term="http://schemas.google.com/blogger/2008/kind#post" />
		<ns0:id>post-2001</ns0:id>
		<ns0:content type="html">8 chương, 97.83KB&lt;br/&gt;---o0o---&lt;br&gt;Ta chưa lập gia đình gọi Tiểu Lâm, 26 tuổi, 1m63, mọc ra một trương mặt em bé, tài cân xứng, làn da bóng loáng tinh tế, một đầu áo choàng mái tóc, nhu thuận có thể. Một đôi phong trắng nõn phòng, nhất là hai đầu tuyết trắng thon dài cặp đùi đẹp để ta. Chúng ta đã tình yêu cuồng nhiệt hai năm, các bằng hữu thân thích đều cảm giác cho chúng ta là trời sinh một đôi, chúng ta tan tầm đều về riêng phần mình phụ mẫu nhà, chuẩn bị cầm tới công ty của ta phân phòng ở về sau lại kết hôn. Ta cùng Tiểu Lâm tại một lần du lịch bên trong mới nếm thử quả, sau khi trở về, chúng ta chỉ cần có thời gian, có địa điểm, liền sẽ si</ns0:content>
		<ns0:published>2019-08-15T13:24:38+02:00</ns0:published>
		<ns0:title type="html">Ta cùng chưa lập gia đình thê Tiểu Lâm</ns0:title>
		<ns0:link href="https://docs.google.com/uc?id=1eV7rQB-n76DttnrtVH7Z55ya-xpFLeQW" rel="enclosure" type="vi" length="0"/>
		<ns0:link href="https://docs.google.com/uc?id=15SZxCVF7hEmFzRb87jQA0hIK_NOxazSu" rel="enclosure" type="cn" length="0"/>
	</ns0:entry>


	<ns0:entry>
		<ns0:category scheme="http://www.blogger.com/atom/ns#" term="Convert" />
		<ns0:category scheme="http://www.blogger.com/atom/ns#" term="Full" />
		<ns0:category scheme="http://schemas.google.com/g/2005#kind" term="http://schemas.google.com/blogger/2008/kind#post" />
		<ns0:id>post-2002</ns0:id>
		<ns0:content type="html">19 chương, 292.88KB&lt;br/&gt;---o0o---&lt;br&gt;Cũng bởi vì Thẩm Ngôn dùng lửa nóng ánh mắt nói với A Cấm qua &quot;Ta vì ngươi có thể không cần người huynh đệ này, ta hiện tại đã thật sâu bên trên ngươi&quot;, A Cấm ngay tại ta cùng Thẩm Ngôn ở giữa làm ra lựa chọn. Ha ha! Cũng bởi vì một câu như vậy đôi câu vài lời! Ta tử nhìn về phía cái này đã từng hạ dược mạnh hơn nàng nam nhân, ta đã từng huynh đệ!</ns0:content>
		<ns0:published>2019-08-15T16:42:19+02:00</ns0:published>
		<ns0:title type="html">Người thê cái bẫy</ns0:title>
		<ns0:link href="https://docs.google.com/uc?id=1LH25VTSahqdl_QxwhqNsMY0hHd2eIXV7" rel="enclosure" type="vi" length="0"/>
		<ns0:link href="https://docs.google.com/uc?id=1L2xuxv8Tewt1lZND0soYVWY1mN6440Ir" rel="enclosure" type="cn" length="0"/>
	</ns0:entry>


	<ns0:entry>
		<ns0:category scheme="http://www.blogger.com/atom/ns#" term="Convert" />
		<ns0:category scheme="http://www.blogger.com/atom/ns#" term="Full" />
		<ns0:category scheme="http://schemas.google.com/g/2005#kind" term="http://schemas.google.com/blogger/2008/kind#post" />
		<ns0:id>post-2003</ns0:id>
		<ns0:content type="html">19 chương, 262.24KB&lt;br/&gt;---o0o---&lt;br&gt;Mụ mụ trong lòng có chút lo lắng bất an, không nghĩ tới trước mấy ngày trong tin tức báo đạo thảo luận sự kiện, chính là gần nhất trong thành có không ít phụ mất tích sự kiện, nghe nói đều là bị một người con buôn tập đoàn bắt cóc ra ngoài đi bán, nghĩ đi nghĩ lại mụ mụ không rùng mình một cái. Nhưng mụ mụ không ngừng an mình: Ta đều là một cái 40 hàng người, ai còn sẽ tới bắt cóc ta a. Nghĩ tới đây mụ mụ trong lòng tựa hồ rộng rãi một chút, nhưng là đến sau xe vẫn là giống như u linh đi theo, nàng càng ngày càng nhận bất an, chưa phát giác tăng nhanh tốc độ xe.</ns0:content>
		<ns0:published>2019-08-15T19:50:14+02:00</ns0:published>
		<ns0:title type="html">Mụ mụ tính nô sử</ns0:title>
		<ns0:link href="https://docs.google.com/uc?id=1qBuxYLJtjsJR2di6s9TdheY_8_nda8X6" rel="enclosure" type="vi" length="0"/>
		<ns0:link href="https://docs.google.com/uc?id=1-wd5zVhkhUsy9v5yEIzDj7D-W6CD5zmA" rel="enclosure" type="cn" length="0"/>
	</ns0:entry>


	<ns0:entry>
		<ns0:category scheme="http://www.blogger.com/atom/ns#" term="Convert" />
		<ns0:category scheme="http://www.blogger.com/atom/ns#" term="Full" />
		<ns0:category scheme="http://schemas.google.com/g/2005#kind" term="http://schemas.google.com/blogger/2008/kind#post" />
		<ns0:id>post-2004</ns0:id>
		<ns0:content type="html">13 chương, 155.81KB&lt;br/&gt;---o0o---&lt;br&gt;Ta chưa từng từng thật lòng ba ba, bởi vì hắn chiếm cứ ta nhất tâm mụ mụ, giống hắn như thế vô dụng nam nhân làm cả đời công chức cao không tới, thấp không xong liền chờ cái kia phần tiền hưu, một chút tiền đồ đều không có, hại mụ mụ đi theo hắn chịu không ít khổ. Chỉ có ta có thể cho mụ mụ hạnh phúc. . .</ns0:content>
		<ns0:published>2019-08-15T22:51:15+02:00</ns0:published>
		<ns0:title type="html">Nhi tử di truyền</ns0:title>
		<ns0:link href="https://docs.google.com/uc?id=1wkTSiU_Y2FI3YUWGy1lD5YnCsiB7tyAH" rel="enclosure" type="vi" length="0"/>
		<ns0:link href="https://docs.google.com/uc?id=13mRg-7zy2NYLtSGqGPiDDWbHJXs-jjNb" rel="enclosure" type="cn" length="0"/>
	</ns0:entry>


	<ns0:entry>
		<ns0:category scheme="http://www.blogger.com/atom/ns#" term="Convert" />
		<ns0:category scheme="http://www.blogger.com/atom/ns#" term="Full" />
		<ns0:category scheme="http://schemas.google.com/g/2005#kind" term="http://schemas.google.com/blogger/2008/kind#post" />
		<ns0:id>post-2005</ns0:id>
		<ns0:content type="html">31 chương, 911.31KB&lt;br/&gt;---o0o---&lt;br&gt;Chờ ta gả cho ba ba về sau, ta liền có thể thu hoạch được một số lớn tiền tài, đến lúc đó cho mụ mụ giải phẫu liền dễ như trở bàn tay . . . chờ mụ mụ tỉnh lại, ta nghĩ ba ba cũng nhất định sẽ rất vui vẻ, đến lúc đó chúng ta một nhà liền sẽ chân chính đoàn viên , ta liền sẽ có một cái chân chính tốt ba ba, cùng một cái chân chính tốt mụ mụ, ta liền sẽ không lại bị người khác nhìn thành là tư sinh . . .</ns0:content>
		<ns0:published>2019-08-16T01:44:16+02:00</ns0:published>
		<ns0:title type="html">Con gái tư sinh y yêu</ns0:title>
		<ns0:link href="https://docs.google.com/uc?id=1_Cfs9cGx4CihdgAONmC7NikOwxUAbXTt" rel="enclosure" type="vi" length="0"/>
		<ns0:link href="https://docs.google.com/uc?id=13MSuP7rIhEcmqqOj8Kr23_7sOFjZqwSl" rel="enclosure" type="cn" length="0"/>
	</ns0:entry>


	<ns0:entry>
		<ns0:category scheme="http://www.blogger.com/atom/ns#" term="Convert" />
		<ns0:category scheme="http://www.blogger.com/atom/ns#" term="Full" />
		<ns0:category scheme="http://schemas.google.com/g/2005#kind" term="http://schemas.google.com/blogger/2008/kind#post" />
		<ns0:id>post-2006</ns0:id>
		<ns0:content type="html">20 chương, 231.37KB&lt;br/&gt;---o0o---&lt;br&gt;Gấu ngọc muội thủ tiết gần hai mươi năm, như thế nào chịu được tuổi trẻ cháu trai như chút trêu chọc, khẩn trương cùng sợ hãi, hưng phấn cùng đâm đưa nàng toàn bộ tâm đều chiếm cứ. Trương Lôi một bên lấy thân ngọt ngào chiếc lưỡi thơm tho, một bên dùng tay lấy nàng trước phong song, toàn hưng phấn huyết nhanh chóng động lên.</ns0:content>
		<ns0:published>2019-08-16T05:02:59+02:00</ns0:published>
		<ns0:title type="html">Đem bất luân yêu thương tiến hành tới cùng</ns0:title>
		<ns0:link href="https://docs.google.com/uc?id=1zOj1zKsUuTxokVkmwJb36UYFxALGeW5b" rel="enclosure" type="vi" length="0"/>
		<ns0:link href="https://docs.google.com/uc?id=1EkfDq66_DDwWzdMJWPvS-T4Pi2UlzVOX" rel="enclosure" type="cn" length="0"/>
	</ns0:entry>


	<ns0:entry>
		<ns0:category scheme="http://www.blogger.com/atom/ns#" term="Convert" />
		<ns0:category scheme="http://www.blogger.com/atom/ns#" term="Full" />
		<ns0:category scheme="http://schemas.google.com/g/2005#kind" term="http://schemas.google.com/blogger/2008/kind#post" />
		<ns0:id>post-2007</ns0:id>
		<ns0:content type="html">202 chương, 1.63MB&lt;br/&gt;---o0o---&lt;br&gt;Trải qua trứng sinh hoạt trâu đại bảo, mọi chuyện không như ý hắn lại ngẫu gặp quý nhân, lẫn vào phú bà câu lạc bộ. Đối mặt tâm cơ sâu nặng nhưng lại kiều phú bà, hắn lại hãm trùng điệp nguy cơ, là gặp? Tiền tài gây? Vẫn là có khác mưu? Nhìn tiểu nhân vật trâu đại bảo là như thế nào cách trùng điệp hiểm cảnh, bóc phú bà trong câu lạc bộ không muốn người biết một màn. Như thế nào đưa các nàng chơi đến phong sinh thủy khởi? Từ đó mượn nhờ phú bà lực lượng chế tạo thuộc về mình kim bài vương triều... . . . .</ns0:content>
		<ns0:published>2019-08-16T08:17:03+02:00</ns0:published>
		<ns0:title type="html">Phú bà câu lạc bộ</ns0:title>
		<ns0:link href="https://docs.google.com/uc?id=1f9QdWXn95KKKveL0TE-kFlpzEPA_0t5J" rel="enclosure" type="vi" length="0"/>
		<ns0:link href="https://docs.google.com/uc?id=1eKuppVQo1fE6jO5kNOr62smukji0cYcj" rel="enclosure" type="cn" length="0"/>
	</ns0:entry>


	<ns0:entry>
		<ns0:category scheme="http://www.blogger.com/atom/ns#" term="Convert" />
		<ns0:category scheme="http://www.blogger.com/atom/ns#" term="Full" />
		<ns0:category scheme="http://schemas.google.com/g/2005#kind" term="http://schemas.google.com/blogger/2008/kind#post" />
		<ns0:id>post-2008</ns0:id>
		<ns0:content type="html">24 chương, 383.76KB&lt;br/&gt;---o0o---&lt;br&gt;Tần Cường không rõ ràng tâm lý của mình lên biến hóa như thế nào, còn hoặc là cùng tuổi kết hôn có quan hệ, đối mặt nhã lâm thể luôn luôn không muốn làm nhìn, cỗ này người thể từ phá thân cực kỳ nay, Tần Cường đã trong nàng phát bảy năm , chậm rãi lẫn nhau không còn có trước kia đúng cái kia nhiệt tình. Vẫn là không có mới mẻ nha, muốn không thế nào mình chơi mấy lần tiểu thư mỗi lần đều là ngang, làm được các tiểu thư khóc cha hô mẹ. Ai! Tần Cường diệt đi thuốc lá giật khối khăn tay, nhắm mắt lại, một bên vuốt lấy cỗ, trong đầu hiện ra sáng sớm nhìn qua trong phim tình cảnh một cái xinh đẹp tử cùng hai tên nam tử tương đối</ns0:content>
		<ns0:published>2019-08-16T11:12:16+02:00</ns0:published>
		<ns0:title type="html">Bầy người yêu sinh</ns0:title>
		<ns0:link href="https://docs.google.com/uc?id=1LT0z1_ML6GxYpnPOX1o5RS94q2L8qAYL" rel="enclosure" type="vi" length="0"/>
		<ns0:link href="https://docs.google.com/uc?id=1UsXpjFbn0_Xb98GbG-gCviB2BYMMTdMr" rel="enclosure" type="cn" length="0"/>
	</ns0:entry>


	<ns0:entry>
		<ns0:category scheme="http://www.blogger.com/atom/ns#" term="Convert" />
		<ns0:category scheme="http://www.blogger.com/atom/ns#" term="Full" />
		<ns0:category scheme="http://schemas.google.com/g/2005#kind" term="http://schemas.google.com/blogger/2008/kind#post" />
		<ns0:id>post-2009</ns0:id>
		<ns0:content type="html">10 chương, 142.71KB&lt;br/&gt;---o0o---&lt;br&gt;Mỹ nhàn ăn tết liền ba mươi tám tuổi, nhưng từ bên ngoài nhìn vào đi lên, không ai sẽ tin tưởng, 1m68 vóc dáng, thể trọng 60 kg, gầy vừa phải tài, áo choàng mái tóc, phong phát xốp giòn, vẫn như cũ mảnh khảnh liễu, căng cứng hơi vểnh ngọc, tất cả mọi người nhân chi chỗ không chỉ có không có theo tuổi tác cách nàng mà đi, ngược lại càng phát trương dương, liền như thấu anh đào, càng là thành, cho người nghi ngờ cũng lại càng lớn. Diệp uỷ viên làm quan lâu, cũng không dám tượng đối đãi phòng khiêu vũ tiểu thư làm càn như vậy, hắn muốn bằng phong độ của mình cùng thủ đoạn để mỹ nhàn tự giác tự nguyện đưa đến đi lên.</ns0:content>
		<ns0:published>2019-08-16T14:16:13+02:00</ns0:published>
		<ns0:title type="html">Công chức mụ mụ</ns0:title>
		<ns0:link href="https://docs.google.com/uc?id=1gtTwn-8NWdmS0SNL011D7Dgv7MY_BVOX" rel="enclosure" type="vi" length="0"/>
		<ns0:link href="https://docs.google.com/uc?id=1HCaU6nRVL0Ns9hBz0DxDf7hOobYUJzrN" rel="enclosure" type="cn" length="0"/>
	</ns0:entry>


	<ns0:entry>
		<ns0:category scheme="http://www.blogger.com/atom/ns#" term="Convert" />
		<ns0:category scheme="http://www.blogger.com/atom/ns#" term="Full" />
		<ns0:category scheme="http://schemas.google.com/g/2005#kind" term="http://schemas.google.com/blogger/2008/kind#post" />
		<ns0:id>post-2010</ns0:id>
		<ns0:content type="html">11 chương, 128.98KB&lt;br/&gt;---o0o---&lt;br&gt;Tiểu Bát cũng không thường thường cùng nàng ngủ cùng một chỗ. Cho dù là hai người (sai , một người một chó) miên về sau, nếu như không có chủ nhân phân phó, tiểu Bát vẫn là rất ngoan sẽ đi tại cửa ra vào ở lại, thủ hộ chủ nhân khuê phòng đại môn. Bởi vì hôm nay muốn tiếp tỷ tỷ giám sát đoàn thị sát công việc, nguyên kỳ không dám ở nàng phấn hồng một mình bên trên lưu lại quá nhiều điên cuồng vết tích, không phải, sẽ bị trêu chọc các tỷ tỷ phê bình thành &quot;Tung để trốn hiện thực không tốt thiếu&quot; .</ns0:content>
		<ns0:published>2019-08-16T17:02:59+02:00</ns0:published>
		<ns0:title type="html">Ngũ tỷ muội</ns0:title>
		<ns0:link href="https://docs.google.com/uc?id=1DcZkN408Q-5K6xwoTG2x3JA12RtWDAJ8" rel="enclosure" type="vi" length="0"/>
		<ns0:link href="https://docs.google.com/uc?id=1UyVFEM5LfTaRR7fFlsjjvgSsgOEw0CJc" rel="enclosure" type="cn" length="0"/>
	</ns0:entry>


	<ns0:entry>
		<ns0:category scheme="http://www.blogger.com/atom/ns#" term="Convert" />
		<ns0:category scheme="http://www.blogger.com/atom/ns#" term="Full" />
		<ns0:category scheme="http://schemas.google.com/g/2005#kind" term="http://schemas.google.com/blogger/2008/kind#post" />
		<ns0:id>post-2011</ns0:id>
		<ns0:content type="html">31 chương, 447.31KB&lt;br/&gt;---o0o---&lt;br&gt;Đương tiểu long đem Dương Quá mang về cổ mộ về sau, cuộc sống của nàng từ đây liền lên biến hóa rất lớn. Liền tại một ngày này buổi sáng, một cái cải biến thế gian tử vật phẩm diện thế . Nguyên bản Dương Quá đang đánh quét cổ mộ, lúc này tại một gian vắng vẻ trong mật thất, phát hiện một cái rương nhỏ, phía trên còn dán hai tấm giấy niêm phong, nhưng Dương Quá không biết bên trong là vì vật gì, một trận hiếu kì mở ra về sau, phát hiện bên trong trong rương chứa ba cái bình nhỏ bên trên phân biệt viết chính là tâm hợp trăm tán cùng mất hồn liệt phụ còn có Thất Tâm cổ</ns0:content>
		<ns0:published>2019-08-16T19:59:32+02:00</ns0:published>
		<ns0:title type="html">Tân thần điêu truyền</ns0:title>
		<ns0:link href="https://docs.google.com/uc?id=1tyJkC1quCXaUD_gMKeyR-p30YsUDUHnw" rel="enclosure" type="vi" length="0"/>
		<ns0:link href="https://docs.google.com/uc?id=11RyFMwk-BNVTA0iOxXkGzLl_PxXsbei8" rel="enclosure" type="cn" length="0"/>
	</ns0:entry>


	<ns0:entry>
		<ns0:category scheme="http://www.blogger.com/atom/ns#" term="Convert" />
		<ns0:category scheme="http://www.blogger.com/atom/ns#" term="Full" />
		<ns0:category scheme="http://schemas.google.com/g/2005#kind" term="http://schemas.google.com/blogger/2008/kind#post" />
		<ns0:id>post-2012</ns0:id>
		<ns0:content type="html">33 chương, 177.29KB&lt;br/&gt;---o0o---&lt;br&gt;Hiện tại ta đã đối máy tính phát hai giờ ngây người, đại não đều là hô chi ra áy náy, ta không sao có thể làm, liền thêm đồ ăn, uống Cocacola, đồ ăn khiến cho ta đơn giản, viết ngoáy, cũng không có cách nào nói nói. . . Nhưng tiếp tục có lẽ vẫn chỉ là ngẩn người, hoặc là không có chút ý nghĩa nào viết xóa, xóa viết. . . Ứ đọng tại bên trong cảm giác không có một chút dũng khí thản thản đi tới. . . Ta sẽ không mượn cớ che đậy, sẽ không chế nhạo, cũng không muốn làm một cái mạo xưng hi vọng người kể lại, cho mỗi cái cố sự đều tăng thêm một cái mỹ kết cục tốt đẹp hoặc là động lòng người tình tiết, ta chỉ là đang nghĩ, như thế nào trần thuật mới không còn tổn thương đến những người lương thiện.</ns0:content>
		<ns0:published>2019-08-16T22:54:23+02:00</ns0:published>
		<ns0:title type="html">Đổi thê về sau độc thoại</ns0:title>
		<ns0:link href="https://docs.google.com/uc?id=11s98XpzwSI3rNkrI0syx2TyFNG00N109" rel="enclosure" type="vi" length="0"/>
		<ns0:link href="https://docs.google.com/uc?id=1Z8m0I54PEZO0NScJ_x6M9ab-yeMgmY-U" rel="enclosure" type="cn" length="0"/>
	</ns0:entry>


	<ns0:entry>
		<ns0:category scheme="http://www.blogger.com/atom/ns#" term="Convert" />
		<ns0:category scheme="http://www.blogger.com/atom/ns#" term="Full" />
		<ns0:category scheme="http://schemas.google.com/g/2005#kind" term="http://schemas.google.com/blogger/2008/kind#post" />
		<ns0:id>post-2013</ns0:id>
		<ns0:content type="html">11 chương, 158.87KB&lt;br/&gt;---o0o---&lt;br&gt;Hai vị lão sư đều là sư chuyên tốt nghiệp, hai người cùng ở một gian giáo viên ký túc xá, đây là không có thành gia giáo viên mới có , bình thường thành gia sau đơn vị liền sẽ cho nhà ở. Tiêu anh nam đối hai vị cừu hận, khi nhìn đến mẫu thân mỗi ngày lấy nước mắt rửa mặt trong thống khổ bành. Bên trong nghẹn muốn nổ tung, hắn muốn trả thù hai cái để hắn sinh ác người, thế nhưng là hắn rõ ràng hắn là đánh không lại các nàng , ngây thơ hắn nghĩ tới viết thư mắng các nàng. Tại viết thư quá trình bên trong, hắn nhớ tới trước đây không lâu, tại trong hành lang nhặt được một bản tàn tạ sách nhỏ.</ns0:content>
		<ns0:published>2019-08-17T02:09:54+02:00</ns0:published>
		<ns0:title type="html">Tuổi trẻ đại giới</ns0:title>
		<ns0:link href="https://docs.google.com/uc?id=1145WcM3LW0PHuZovyt8bzSe5iwkC32rx" rel="enclosure" type="vi" length="0"/>
		<ns0:link href="https://docs.google.com/uc?id=10lXSR99_Q2ccpWQT661pR-LSwpHj2_RG" rel="enclosure" type="cn" length="0"/>
	</ns0:entry>


	<ns0:entry>
		<ns0:category scheme="http://www.blogger.com/atom/ns#" term="Convert" />
		<ns0:category scheme="http://www.blogger.com/atom/ns#" term="Full" />
		<ns0:category scheme="http://schemas.google.com/g/2005#kind" term="http://schemas.google.com/blogger/2008/kind#post" />
		<ns0:id>post-2014</ns0:id>
		<ns0:content type="html">10 chương, 176.95KB&lt;br/&gt;---o0o---&lt;br&gt;Tô Hà vừa ba mươi có hai, sinh dục Quá nhi về sau, thể các bộ vị theo tuổi tác tăng trưởng, hiển Thành Hòa nở nang, lồi lõm thể đường cong cùng bộ phá lệ đáng chú ý, phong phòng đứng ở thật mỏng ăn vào, theo hô có chút rung động, mơ hồ nổi bật lấy che đậy hình dạng; tròn trịa hướng lên nhếch lên một cái duyên dáng cung, thật chặt tung ra bên trong đường cong, có chút hở ra bụng dưới cùng cái kia mập bộ, mạo xưng lấy lửa nóng vận vị. Bạch tích gương mặt lộ ra ửng đỏ, ngậm lấy thiếu phụ đặc hữu vũ mị, hai mắt phảng phất uốn lên một vũng thu thuỷ, khóe miệng luôn luôn có một loại mỉm cười thản nhiên, nhìn qua so với tuổi thật muốn trẻ tuổi hơn nhiều.</ns0:content>
		<ns0:published>2019-08-17T05:15:40+02:00</ns0:published>
		<ns0:title type="html">Trầm luân thiếu phụ Tô Hà</ns0:title>
		<ns0:link href="https://docs.google.com/uc?id=11muXUVwVLpahKFZ6lnUZ1UDfZJN1M7fC" rel="enclosure" type="vi" length="0"/>
		<ns0:link href="https://docs.google.com/uc?id=1uziZZWucBdjtpew7mDuM_KpkttZpQftG" rel="enclosure" type="cn" length="0"/>
	</ns0:entry>


	<ns0:entry>
		<ns0:category scheme="http://www.blogger.com/atom/ns#" term="Convert" />
		<ns0:category scheme="http://www.blogger.com/atom/ns#" term="Full" />
		<ns0:category scheme="http://schemas.google.com/g/2005#kind" term="http://schemas.google.com/blogger/2008/kind#post" />
		<ns0:id>post-2015</ns0:id>
		<ns0:content type="html">9 chương, 95.14KB&lt;br/&gt;---o0o---&lt;br&gt;Ta gọi a Dũng, năm nay hai mươi lăm tuổi, thân dài được tráng rắn chắc, từ tiểu gia cảnh không mười phần giàu có, phụ thân nguyên lai là một nhà kiến thiết trong công ty nước bùn công; bởi vì mẫu thân tại ta đọc bên trong bệnh truyền nhiễm chết, tại ta vừa phục nghĩa vụ quân sự lúc, phụ thân lại cùng trong công ty một vị đồng hành quả phụ ở chung. Nhà của ta là một gian tầm mười bãi lớn nhỏ chung cư, khấu trừ phòng tắm cùng công cộng thiết bị bên ngoài, chỉ còn một gian năm bãi nhiều gian phòng, phụ thân tại hai mảnh vách tường đinh bên trên đinh sắt, cột chì tuyến, rồi mới mặc vào rèm vải, cũng lại đả thông một cánh cửa, miễn cưỡng cách thành hai cái gian phòng.</ns0:content>
		<ns0:published>2019-08-17T08:27:34+02:00</ns0:published>
		<ns0:title type="html">Mẫu nữ chung hầu</ns0:title>
		<ns0:link href="https://docs.google.com/uc?id=1jCjePCzqP1esh2l-RoNb9XQNNj1G1fn4" rel="enclosure" type="vi" length="0"/>
		<ns0:link href="https://docs.google.com/uc?id=1r27hqERnP3eDpJo6L4MWKaJE5JSGO0O6" rel="enclosure" type="cn" length="0"/>
	</ns0:entry>


	<ns0:entry>
		<ns0:category scheme="http://www.blogger.com/atom/ns#" term="Convert" />
		<ns0:category scheme="http://www.blogger.com/atom/ns#" term="Full" />
		<ns0:category scheme="http://schemas.google.com/g/2005#kind" term="http://schemas.google.com/blogger/2008/kind#post" />
		<ns0:id>post-2016</ns0:id>
		<ns0:content type="html">14 chương, 171.2KB&lt;br/&gt;---o0o---&lt;br&gt;Tại chúng ta cái kia nông thôn bên trong, sinh khuê dường như là cho đương mụ mụ mình sinh , sinh nhi tử là cho đương ba ba sinh . Mà lớn là mụ mụ nhỏ áo bông, biết đau biết nóng; nhi tử lớn là nhà này , truyền giống tiếp đại. Cho nên dạng này truyền thống quan niệm một mực ảnh hưởng đến hiện tại, dường như khuê thật không phải là làm cha hài tử. Bình cũng là như thế, cặp vợ chồng nói chuyện đều là ngươi khuê làm sao, con của ngươi làm sao, kỳ thật ngươi cũng là của ta, nhưng không có đi nghĩ lại , lão bối mà truyền thừa , cũng đã quen.</ns0:content>
		<ns0:published>2019-08-17T11:21:24+02:00</ns0:published>
		<ns0:title type="html">Nữ Nhi Hồng</ns0:title>
		<ns0:link href="https://docs.google.com/uc?id=1Xk97tMl2eoYfUGJe4rmv9sMQQntxeUCS" rel="enclosure" type="vi" length="0"/>
		<ns0:link href="https://docs.google.com/uc?id=1sFZzTTR4-HE6Gcj15eviWgj9hALaRRBW" rel="enclosure" type="cn" length="0"/>
	</ns0:entry>


	<ns0:entry>
		<ns0:category scheme="http://www.blogger.com/atom/ns#" term="Convert" />
		<ns0:category scheme="http://www.blogger.com/atom/ns#" term="Full" />
		<ns0:category scheme="http://schemas.google.com/g/2005#kind" term="http://schemas.google.com/blogger/2008/kind#post" />
		<ns0:id>post-2017</ns0:id>
		<ns0:content type="html">26 chương, 264.94KB&lt;br/&gt;---o0o---&lt;br&gt;Nhìn SexStory rất lâu, nghĩ thầm nên trở về quỹ một chút, thuận tiện luyện một chút đánh chữ. Cho nên liền tuyển một bản ta rất vui quyển tiểu thuyết đến keyin. Mời rửa mắt mà đợi!! Bất quá, ta có mấy lời nghĩ trước nói một chút. Loại này tiểu thuyết là nam nhân viết, xin đừng suy nghĩ: &quot;Người có phải thật vậy hay không đều bị đợi một phen sau liền sẽ ngoan ngoãn nghe lời?&quot; Nói cho ngươi, không có sự tình. Ta vui loại hình này tiểu thuyết, liền cùng ta lão ca vui luân loại hình đồng dạng, rau xanh củ cải, người chỗ. Nhưng nhưng chớ đem cuộc sống thực tế cùng tác giả vì hợp độc giả khẩu vị viết ra tiểu thuyết nói nhập làm một . Tốt, chúng ta tới đi! !</ns0:content>
		<ns0:published>2019-08-17T14:09:27+02:00</ns0:published>
		<ns0:title type="html">Cây cao ba tỷ muội</ns0:title>
		<ns0:link href="https://docs.google.com/uc?id=1kVG1Al3Sjk9tqVQLfQAqs4XOJQD6nzwt" rel="enclosure" type="vi" length="0"/>
		<ns0:link href="https://docs.google.com/uc?id=1QLuRRWqvRNO-fzGerDBLpVsjvLKiarux" rel="enclosure" type="cn" length="0"/>
	</ns0:entry>


	<ns0:entry>
		<ns0:category scheme="http://www.blogger.com/atom/ns#" term="Convert" />
		<ns0:category scheme="http://www.blogger.com/atom/ns#" term="Full" />
		<ns0:category scheme="http://schemas.google.com/g/2005#kind" term="http://schemas.google.com/blogger/2008/kind#post" />
		<ns0:id>post-2018</ns0:id>
		<ns0:content type="html">23 chương, 274.38KB&lt;br/&gt;---o0o---&lt;br&gt;Ta mang đại nhạc thấu mở thưởng tâm tình, hướng Ma Ma nhìn lại, Bingo! Quả nhiên là lam món kia. Ta bên cạnh cùng Ma Ma giảng có hào mưa to đặc biệt báo sự tình, một phương diện lại đóng giả không có việc gì đối Ma Ma toàn quét nhìn. Hô. . . Ma Ma bên trên áo sơmi bởi vì hơi nước quan hệ cũng so bình thường trong suốt dính nhiều, mà lúc trước đối hai ngọn núi tựa hồ so vừa mới càng càng hùng vĩ, đương C hoặc D cup chén phòng đụng phải B cup che đậy, cảm giác đầu ngay tại che đậy trên nhất duyên, nỗ lực không đụng tới, bị chen phòng thì ra sức lấy hướng lên hướng ra phía ngoài khuếch trương, thành hai cái nửa vòng tròn.</ns0:content>
		<ns0:published>2019-08-17T17:14:44+02:00</ns0:published>
		<ns0:title type="html">Ma Ma nội y</ns0:title>
		<ns0:link href="https://docs.google.com/uc?id=1tQUNj8VLlKG7kSus8uVdh69s3ezXCGOz" rel="enclosure" type="vi" length="0"/>
		<ns0:link href="https://docs.google.com/uc?id=1zWs1eq3Me5lMbxTUGDYDfp7OSarTvYEg" rel="enclosure" type="cn" length="0"/>
	</ns0:entry>


	<ns0:entry>
		<ns0:category scheme="http://www.blogger.com/atom/ns#" term="Convert" />
		<ns0:category scheme="http://www.blogger.com/atom/ns#" term="Full" />
		<ns0:category scheme="http://schemas.google.com/g/2005#kind" term="http://schemas.google.com/blogger/2008/kind#post" />
		<ns0:id>post-2019</ns0:id>
		<ns0:content type="html">39 chương, 420.6KB&lt;br/&gt;---o0o---&lt;br&gt;Từ trong một căn phòng truyền ra người hơi thở âm thanh, cẩn thận nghe xong, kia là từ hào trạch bên phải trong thư phòng truyền tới, mà tại thư phòng sát vách đại sảnh cạnh cửa, thì một cặp nam, chính xuyên thấu qua nho nhỏ môn hướng bên trong nhìn. Chỉ thấy trong thư phòng một nam một, nam ước chừng năm mươi mấy tuổi, mọc ra một bộ thân sĩ bộ dáng. Nhìn qua tựa hồ trẻ trung hơn rất nhiều, ước chừng hơn ba mươi tuổi, chẳng những diện mạo mỹ lệ, còn có được một bộ như ma quỷ tốt tài, bên trên cái kia tập lam nhạt hơi mờ ngủ, càng khiến nàng lộ ra vạn phần. Hai người này ở trên ghế sa lon, nam từ phía sau ôm, không ngừng trên dưới vuốt ve thân thể, đồng thời hôn cổ trắng, mà thẹn thùng mặt, mị nhãn như tơ, miệng nhỏ hơi thở như lan.</ns0:content>
		<ns0:published>2019-08-17T20:05:57+02:00</ns0:published>
		<ns0:title type="html">Gia tộc cuồng hoan</ns0:title>
		<ns0:link href="https://docs.google.com/uc?id=12SRpPt6VNebbq_KrxXH7o-SxeYDo4BZX" rel="enclosure" type="vi" length="0"/>
		<ns0:link href="https://docs.google.com/uc?id=1J5jJdMazrJh1nVYU8ZVQKmh_A9PWQkTr" rel="enclosure" type="cn" length="0"/>
	</ns0:entry>


	<ns0:entry>
		<ns0:category scheme="http://www.blogger.com/atom/ns#" term="Convert" />
		<ns0:category scheme="http://www.blogger.com/atom/ns#" term="Full" />
		<ns0:category scheme="http://schemas.google.com/g/2005#kind" term="http://schemas.google.com/blogger/2008/kind#post" />
		<ns0:id>post-2020</ns0:id>
		<ns0:content type="html">9 chương, 141.89KB&lt;br/&gt;---o0o---&lt;br&gt;Ta gọi Jimmy, năm nay hai mươi mốt, lão mụ bốn mươi hai . Ta suy nghĩ thật lâu mới quyết định đem chúng ta quan hệ viết ra. Ta tuyên bố trước, từ khi còn bé, đến Thanh thiếu - thâm niên kỳ, chưa hề đối nàng từng có niệm. Ta biết các ngươi rất nhiều người coi là mỗi tên tiểu tử Thanh thiếu - thâm niên kỳ đối với hắn mẹ đều sẽ ý nghĩ kỳ quái. Ta thật không có. Thật , ta không có nhìn trộm qua nàng, chưa hề đối nàng bên trong hoặc những cái kia thiếp đồ vật lên tâm . Bất quá, ta &quot;Thú&quot; lại rất lớn, khả năng quá lớn.</ns0:content>
		<ns0:published>2019-08-17T23:00:48+02:00</ns0:published>
		<ns0:title type="html">Cõng lão ba yêu đương vụng trộm mẹ con</ns0:title>
		<ns0:link href="https://docs.google.com/uc?id=1rzvll1k0NerrcZhtoJPtvlXS0feqzE6G" rel="enclosure" type="vi" length="0"/>
		<ns0:link href="https://docs.google.com/uc?id=1QSUUUGR2GDh8AR6XJKchcO3kAAH7YF_C" rel="enclosure" type="cn" length="0"/>
	</ns0:entry>


	<ns0:entry>
		<ns0:category scheme="http://www.blogger.com/atom/ns#" term="Convert" />
		<ns0:category scheme="http://www.blogger.com/atom/ns#" term="Full" />
		<ns0:category scheme="http://schemas.google.com/g/2005#kind" term="http://schemas.google.com/blogger/2008/kind#post" />
		<ns0:id>post-2021</ns0:id>
		<ns0:content type="html">10 chương, 159.88KB&lt;br/&gt;---o0o---&lt;br&gt;Nhìn xem một cái mềm liệt co quắp tử nằm ở trên thảm, thái dương bên trên mồ hôi như châu, ta đem nàng cả người kéo lên, lão bà liền điểm ấy khiến người tâm động, rất dễ động tình cũng dễ dàng đủ, Hồ tại nàng nhỏ móc một phen, nàng liền mỹ tư tư điệt gọi. Nên ta xum xoe thời điểm , ta thay nàng tìm đến che đậy, lại để cho nàng chỉ huy cầm khăn tay đệm tiến nàng xái bên trong, nàng mặc vào đồ vét lúc đem nàng cổ áo thỏa. Liền hưng hái liệt hỉ khí dương dương thẳng đến dưới lầu, mà tại chúng ta chiếc kia xe nhỏ bên cạnh không kiên nhẫn đá lấy bánh xe, thấy chúng ta câu vai dựng cánh tay từ hành lang ra, khuôn mặt nhỏ từ biệt, miệng nhô lên lão.</ns0:content>
		<ns0:published>2019-08-18T02:19:35+02:00</ns0:published>
		<ns0:title type="html">Ta đem nhà vợ một tổ bưng</ns0:title>
		<ns0:link href="https://docs.google.com/uc?id=1TaVLhC12Vb4pVGJVia5bNddxtwJAQs2d" rel="enclosure" type="vi" length="0"/>
		<ns0:link href="https://docs.google.com/uc?id=1Ht4zpr6r0e1C6PJG9bsEATftPcHWnlSZ" rel="enclosure" type="cn" length="0"/>
	</ns0:entry>


	<ns0:entry>
		<ns0:category scheme="http://www.blogger.com/atom/ns#" term="Convert" />
		<ns0:category scheme="http://www.blogger.com/atom/ns#" term="Full" />
		<ns0:category scheme="http://schemas.google.com/g/2005#kind" term="http://schemas.google.com/blogger/2008/kind#post" />
		<ns0:id>post-2022</ns0:id>
		<ns0:content type="html">15 chương, 218.34KB&lt;br/&gt;---o0o---&lt;br&gt;Lâm Hồng vĩ bị trước mắt vị này trung niên mỹ phụ vẻ đẹp, thấy miệng trừng ngây mồm. Nàng cái kia ngượng ngùng nửa tham gia đẹp đẽ mặt, bạch bên trong thấu đỏ, hơi vểnh đỏ anh, lớn phòng, theo hô lúc lên lúc xuống tại không ngừng run rẩy, da thịt tuyết trắng mảnh, phong thể, chăm chú bao tại món kia xanh nhạt hơi mờ váy bên trong, như ngầm có thể nhìn thấy cái kia lồi lõm rõ ràng đường cong, cùng che đậy cùng tam giác, nhất là nàng cái kia một đôi hắc bạch phân minh, ngập nước lớn mị nhãn, nhất là người, mỗi tại chuyển động thời điểm, tựa hồ bên trong ngậm lấy một đám lửa đồng dạng, câu tâm hồn người, như vậy thành kiều mị, gió nhẹ vận mị thái, thẳng thấy Lâm Hồng vĩ thần hồn điên đảo, quên là đến chấp nhận .</ns0:content>
		<ns0:published>2019-08-18T05:22:35+02:00</ns0:published>
		<ns0:title type="html">Gia giáo tình hình</ns0:title>
		<ns0:link href="https://docs.google.com/uc?id=1oUJvwgH3hkEwvq0J9_UIsbn74-6TePXe" rel="enclosure" type="vi" length="0"/>
		<ns0:link href="https://docs.google.com/uc?id=1uNzc1PBfJ40NIT2OYquvz3U2FJIW1-6p" rel="enclosure" type="cn" length="0"/>
	</ns0:entry>


	<ns0:entry>
		<ns0:category scheme="http://www.blogger.com/atom/ns#" term="Convert" />
		<ns0:category scheme="http://www.blogger.com/atom/ns#" term="Full" />
		<ns0:category scheme="http://schemas.google.com/g/2005#kind" term="http://schemas.google.com/blogger/2008/kind#post" />
		<ns0:id>post-2023</ns0:id>
		<ns0:content type="html">29 chương, 391.45KB&lt;br/&gt;---o0o---&lt;br&gt;Con người khi còn sống bên trong, có rất nhiều khó quên lần thứ nhất: Như là lần đầu tiên tới kinh nguyệt, lần thứ nhất cùng mối tình đầu tình nhân nhiệt tình ôm cùng hôn. Lần thứ nhất tại tân hôn phòng, xấu hổ bên trong nhịn đau hướng trượng phu dâng ra đêm đầu, lần thứ nhất nằm tại băng lãnh sinh bên trên, tại sợ đau nhức bên trong sinh hạ hài tử. Nhưng là một người tại thần trong tịch mịch, cõng mình trượng phu lần thứ nhất cùng người yêu đương vụng trộm, cũng lần thứ nhất đạt tới từ lúc chào đời tới nay lần thứ nhất, nhất định là nhất khiến người khó quên.</ns0:content>
		<ns0:published>2019-08-18T08:30:18+02:00</ns0:published>
		<ns0:title type="html">Một cái thiếu phụ tự thuật</ns0:title>
		<ns0:link href="https://docs.google.com/uc?id=1VCKA-C8njiHdFV_JRVSUml6V3dmOQa0D" rel="enclosure" type="vi" length="0"/>
		<ns0:link href="https://docs.google.com/uc?id=1pilogmin4LrP2ZzrSU7DVy6DwsEqqKIe" rel="enclosure" type="cn" length="0"/>
	</ns0:entry>


	<ns0:entry>
		<ns0:category scheme="http://www.blogger.com/atom/ns#" term="Convert" />
		<ns0:category scheme="http://www.blogger.com/atom/ns#" term="Full" />
		<ns0:category scheme="http://schemas.google.com/g/2005#kind" term="http://schemas.google.com/blogger/2008/kind#post" />
		<ns0:id>post-2024</ns0:id>
		<ns0:content type="html">17 chương, 191.15KB&lt;br/&gt;---o0o---&lt;br&gt;Mẹ ta Đinh Bình là một chỗ trung học vũ đạo lão sư, mụ mụ là cái tiêu chuẩn tuyệt thế mỹ! Thiên sinh lệ chất nàng có một trương khí chất nhã, mỹ động lòng người gương mặt, như bạch ngọc da thịt, mảnh hồng nhuận, người miệng nhỏ, thật có thể nói là có thẩm cá lạc nhạn chi dung, dung mạo nguyệt thẹn hoa nhường. Tuế nguyệt tựa hồ không có ở mụ mụ trên mặt khắc hoa ra vết tích, mụ mụ chẳng những dung mạo người, còn duy trì một bộ dẫn lửa ma quỷ tài, 1m68 tiêu chuẩn đẹp, 35. 2 3.34 tỉ lệ vàng ba vòng, càng thêm mụ mụ tăng thêm một chút thiếu phụ thành vũ mị phong vận!</ns0:content>
		<ns0:published>2019-08-18T11:32:15+02:00</ns0:published>
		<ns0:title type="html">Săn mẫu đi</ns0:title>
		<ns0:link href="https://docs.google.com/uc?id=1NVa707ARznvx99twjfIY4mu2R0q9XjbU" rel="enclosure" type="vi" length="0"/>
		<ns0:link href="https://docs.google.com/uc?id=1teKulu1SRxYsg25ID36zW7Dm6qfdX3FJ" rel="enclosure" type="cn" length="0"/>
	</ns0:entry>


	<ns0:entry>
		<ns0:category scheme="http://www.blogger.com/atom/ns#" term="Convert" />
		<ns0:category scheme="http://www.blogger.com/atom/ns#" term="Full" />
		<ns0:category scheme="http://schemas.google.com/g/2005#kind" term="http://schemas.google.com/blogger/2008/kind#post" />
		<ns0:id>post-2025</ns0:id>
		<ns0:content type="html">17 chương, 303.16KB&lt;br/&gt;---o0o---&lt;br&gt;Ta sau khi tốt nghiệp đại học đi tới H thị làm việc, trải qua bằng hữu giới thiệu, quen biết hiện tại lão bà Vi Vi, nàng là một bên trong giáo sư mỹ thuật, từ ta gặp nàng lần đầu tiên bắt đầu liền thật sâu chiếm hữu nàng, khuôn mặt đẹp đẽ, áo choàng phát, da thịt trắng nõn, đứng thẳng bộ, mảnh khảnh chi, hai chân thon dài, không một không cho nàng trở thành trong mắt nam nhân tiêu điểm, càng làm ta hơn khó quên là nàng cái kia mang chút yếu đuối lại ẩn ẩn hiện ra một loại quý có tri thức hiểu lễ nghĩa khí chất, để ta cảm thấy, một cái thiên sứ đi tới nhân gian, đi tới trước mặt của ta.</ns0:content>
		<ns0:published>2019-08-18T14:50:10+02:00</ns0:published>
		<ns0:title type="html">Tự cam đọa lạc Tiểu Kiều thê</ns0:title>
		<ns0:link href="https://docs.google.com/uc?id=1ZeoJeQ4Kh1a3cbAPxHUJbNMDTkLRA1qm" rel="enclosure" type="vi" length="0"/>
		<ns0:link href="https://docs.google.com/uc?id=1chgOj4Un9uW76E_ZykMM84MW_24ZrfXu" rel="enclosure" type="cn" length="0"/>
	</ns0:entry>


	<ns0:entry>
		<ns0:category scheme="http://www.blogger.com/atom/ns#" term="Convert" />
		<ns0:category scheme="http://www.blogger.com/atom/ns#" term="Full" />
		<ns0:category scheme="http://schemas.google.com/g/2005#kind" term="http://schemas.google.com/blogger/2008/kind#post" />
		<ns0:id>post-2026</ns0:id>
		<ns0:content type="html">12 chương, 180.31KB&lt;br/&gt;---o0o---&lt;br&gt;Theo đổi cái này chủ đề hiểu rõ, hứng thú tùy theo mà đến biến đến không cách nào bỏ đi, cùng nó mình đến vực thèm cá, không bằng lui mà kết lưới. Nhưng là tử cái này truyền thống tử, như thế nào để nàng tiếp nhận ý nghĩ này, là cái nan giải vấn đề. Nói thật, ta cảm thấy đổi đồng dạng đều hẳn là nam tử thủ nói ra trước, bởi vì nam tử đúng tùy tiện trình độ là viễn siêu tại , có thể nói nam tử từ mà sinh ra, tử từ mà sinh ra, đương nhiên cái này là bình thường tình trạng.</ns0:content>
		<ns0:published>2019-08-18T17:40:14+02:00</ns0:published>
		<ns0:title type="html">Chân thực đổi thê kinh lịch</ns0:title>
		<ns0:link href="https://docs.google.com/uc?id=1i0lA_vCpVPpQoKa-Y04PGJjefYAETGUb" rel="enclosure" type="vi" length="0"/>
		<ns0:link href="https://docs.google.com/uc?id=1WwmaCNy0VQTg4e6jD_m74m7hHKOj8Y_O" rel="enclosure" type="cn" length="0"/>
	</ns0:entry>


	<ns0:entry>
		<ns0:category scheme="http://www.blogger.com/atom/ns#" term="Convert" />
		<ns0:category scheme="http://www.blogger.com/atom/ns#" term="Full" />
		<ns0:category scheme="http://schemas.google.com/g/2005#kind" term="http://schemas.google.com/blogger/2008/kind#post" />
		<ns0:id>post-2027</ns0:id>
		<ns0:content type="html">11 chương, 130.26KB&lt;br/&gt;---o0o---&lt;br&gt;Gian phòng bên trong hai người lúng túng đối đứng tại trước một hồi, duỗi ra hai tay nhẹ nhàng đem nàng ôm đi qua, miệng chậm rãi tới gần, vương hồng quân nhắm hai mắt lại, cong lên nàng, liền cùng ta thiếp lại với nhau. Song đồng thời khẽ mở , đầu lưỡi liền bắt đầu tương hỗ câu dẫn,,. . . Hai cánh tay của nàng cũng tại vô thanh vô tức vòng ôm lấy phần cổ của ta, ôm chặt lấy tại bên trên, tiếp tục hôn, tiếp lấy liền cùng một chỗ ngã xuống. Tay từ nàng áo thun phía dưới chui vào, chậm rãi đi lên sờ &quot;Xương sườn?&quot; Ta nghĩ đến tác thớt á dân đói nhanh lên đem tay nhảy tới trực tiếp chụp tại bên trong phía trên</ns0:content>
		<ns0:published>2019-08-18T20:46:50+02:00</ns0:published>
		<ns0:title type="html">Mướp đắng thành thục lúc</ns0:title>
		<ns0:link href="https://docs.google.com/uc?id=1WlPS0TFSRuCiUhWRlgxcU0M_AAq9i42O" rel="enclosure" type="vi" length="0"/>
		<ns0:link href="https://docs.google.com/uc?id=1ufExERfxGqBmYoYS3kyyovvGIwqqDE1s" rel="enclosure" type="cn" length="0"/>
	</ns0:entry>


	<ns0:entry>
		<ns0:category scheme="http://www.blogger.com/atom/ns#" term="Convert" />
		<ns0:category scheme="http://www.blogger.com/atom/ns#" term="Full" />
		<ns0:category scheme="http://schemas.google.com/g/2005#kind" term="http://schemas.google.com/blogger/2008/kind#post" />
		<ns0:id>post-2028</ns0:id>
		<ns0:content type="html">16 chương, 188.25KB&lt;br/&gt;---o0o---&lt;br&gt;Mẫu thân khóc. Vũ mị, dịu dàng, đa tình, sinh nhu nhược mẫu thân run rẩy, một ấm áp truyền lên đầu ngón tay của ta. Ta đổi qua mẫu thân tử, nàng sáng rỡ hoa mắt huyễn lệ, mang chút thê yêu, trong lòng ta hàng rào trúc lần nữa than đổ. Ta nhẹ nhàng đưa nàng bế lên, nàng đỏ bừng phảng phất giống như nộ phóng cận hoa, nhan tươi lệ giống giấy cắt , mà làn thu thuỷ chuyển bên trong càng nổi trôi dạt dào lục</ns0:content>
		<ns0:published>2019-08-18T23:57:45+02:00</ns0:published>
		<ns0:title type="html">Cố hương tuyết, cố hương tình</ns0:title>
		<ns0:link href="https://docs.google.com/uc?id=1SUIEzUxX-8S8hz2ACGc6JDjUHDBU1yHO" rel="enclosure" type="vi" length="0"/>
		<ns0:link href="https://docs.google.com/uc?id=1lCDQao9i94idtcVT010Qm8ZfqB9XTlUf" rel="enclosure" type="cn" length="0"/>
	</ns0:entry>


	<ns0:entry>
		<ns0:category scheme="http://www.blogger.com/atom/ns#" term="Convert" />
		<ns0:category scheme="http://www.blogger.com/atom/ns#" term="Full" />
		<ns0:category scheme="http://schemas.google.com/g/2005#kind" term="http://schemas.google.com/blogger/2008/kind#post" />
		<ns0:id>post-2029</ns0:id>
		<ns0:content type="html">13 chương, 186.95KB&lt;br/&gt;---o0o---&lt;br&gt;Ta cùng Điềm Y sau khi kết hôn cái thứ nhất cuối tuần, ta cả ngày tâm tư đều không tại công vụ bên trên, chỉ muốn sau khi tan việc lập tức chạy về đến nhà, cùng tân hôn kiều vuốt ve an ủi ngọt hai người sinh sống. Nói thật , người bình thường cưới sau lẽ ra đi độ nguyệt, coi như không phải lập tức đi, cũng sẽ thả mấy ngày miên giả, bất đắc dĩ ta vừa vặn có trọng yếu bản án nơi tay, cho nên hôn lễ hôm sau vẫn là ngoan ngoãn đến công ty báo đến, mà lại mỗi ngày đều nhịn đến mười hai giờ qua đi mới về đến nhà, liên tác thời gian đều bị tước đoạt! Còn tốt Điềm Y là cái độc lập mà quan tâm hài, biết ta bận rộn công việc, cũng không có đối ta sinh khí, bởi vậy ngày hôm nay thật vất vả bản án có một kết thúc, ta đã sớm hạ quyết tâm muốn đúng giờ tan sở sớm về nhà, ôm trái tim hương trượt thể, trắng trợn phát tích tốt</ns0:content>
		<ns0:published>2019-08-19T03:06:32+02:00</ns0:published>
		<ns0:title type="html">Mỹ thê Địa Ngục</ns0:title>
		<ns0:link href="https://docs.google.com/uc?id=1FVz4ZVUvs7aDMTnczmU21E9JGZoFU9wa" rel="enclosure" type="vi" length="0"/>
		<ns0:link href="https://docs.google.com/uc?id=1Nu8axzPELPvFM22cUPgC_hZ81eSaWixD" rel="enclosure" type="cn" length="0"/>
	</ns0:entry>


	<ns0:entry>
		<ns0:category scheme="http://www.blogger.com/atom/ns#" term="Convert" />
		<ns0:category scheme="http://www.blogger.com/atom/ns#" term="Full" />
		<ns0:category scheme="http://schemas.google.com/g/2005#kind" term="http://schemas.google.com/blogger/2008/kind#post" />
		<ns0:id>post-2030</ns0:id>
		<ns0:content type="html">10 chương, 174.82KB&lt;br/&gt;---o0o---&lt;br&gt;Buổi sáng lên về sau, nếm qua sớm một chút, ăn diện một chút. Lựa chọn phục muốn hạ điểm công phu, hứa phong hòa hắn ca ca không đồng dạng, đối người mặc rất coi trọng, nếu như không phải cùng hắn ca ca cùng tiến lên ta, hắn là rất vui bạch nhan . Ta tìm ra một đầu thuần trắng ni lông liên ty bít tất mặc, sau đó mặc vào cùng một đầu vàng nhạt taxi, bạch dép lê, xanh biếc , áo khoác vẫn là ngày hôm qua món kia áo lông.</ns0:content>
		<ns0:published>2019-08-19T06:03:46+02:00</ns0:published>
		<ns0:title type="html">Tình mê diễm phụ</ns0:title>
		<ns0:link href="https://docs.google.com/uc?id=1R6NQesJHk03oHzRFXINohGU2_r2haeuV" rel="enclosure" type="vi" length="0"/>
		<ns0:link href="https://docs.google.com/uc?id=1XtpeMaSCFsQSwSu2wD3EF5Oosxks7Eyu" rel="enclosure" type="cn" length="0"/>
	</ns0:entry>


	<ns0:entry>
		<ns0:category scheme="http://www.blogger.com/atom/ns#" term="Convert" />
		<ns0:category scheme="http://www.blogger.com/atom/ns#" term="Full" />
		<ns0:category scheme="http://schemas.google.com/g/2005#kind" term="http://schemas.google.com/blogger/2008/kind#post" />
		<ns0:id>post-2031</ns0:id>
		<ns0:content type="html">24 chương, 262.55KB&lt;br/&gt;---o0o---&lt;br&gt;Trượng phu là tại công ty mậu dịch đi làm cam dã mỹ tá tử trong lòng có không thể cho ai biết buồn rầu. Kia là con ruột hướng nàng yêu cầu. Hắn nói mụ mụ thật xinh đẹp, làm cho ta có được hay không, dạng này yêu cầu mụ mụ thể. Trong sân, tại gian phòng, tại phòng bếp. . . Phát ra như tố như khóc thanh âm từ phía sau ôm lấy nàng, đem mất thăng bằng đè vào bên trên. Bất luận ở nơi đó đều không thể khinh thường. Quả thực tựa như trong nhà nuôi một đầu dã thú động tình. Cho nên mỹ tá tử phải thừa dịp nhi tử đi học thời gian mới dám tắm rửa. Bởi vì tắm rửa thời gian chính là nguy hiểm nhất thời cơ.</ns0:content>
		<ns0:published>2019-08-19T08:51:53+02:00</ns0:published>
		<ns0:title type="html">Nương nương mỹ lệ mỹ tá tử</ns0:title>
		<ns0:link href="https://docs.google.com/uc?id=1Xi9NvCZlpyJdJSHIk5a2uqfCBqk4Cpbm" rel="enclosure" type="vi" length="0"/>
		<ns0:link href="https://docs.google.com/uc?id=19sBtCDJr6za8NTSWk34iEbpEwonmmLHl" rel="enclosure" type="cn" length="0"/>
	</ns0:entry>


	<ns0:entry>
		<ns0:category scheme="http://www.blogger.com/atom/ns#" term="Convert" />
		<ns0:category scheme="http://www.blogger.com/atom/ns#" term="Full" />
		<ns0:category scheme="http://schemas.google.com/g/2005#kind" term="http://schemas.google.com/blogger/2008/kind#post" />
		<ns0:id>post-2032</ns0:id>
		<ns0:content type="html">10 chương, 144.06KB&lt;br/&gt;---o0o---&lt;br&gt;Chỉ có một phòng ngủ một phòng khách một bếp một xí năm mười mét vuông nhà ở, Trần Cương tại cùng trong tháng lão bà cãi lộn bên trong bị đuổi ra phòng ngủ. Không biết thế nào hôm nay tiểu hài đặc biệt nhiều, hắn đã đi tiểu đêm cho nhi tử đổi hai lần bày, đi làm hắn không nhịn được dạng này giày vò, là lần thứ ba còn gọi hắn đổi, thực sự là nhịn không được mới cùng lão bà vương mỹ nhao nhao nở hoa, nào biết sinh tiểu hài sau tính tình càng ngày càng tệ lão bà vương mỹ còn đem hắn nhốt ở phòng ngủ bên ngoài, đây chính là ba giờ sáng qua nha. Mẹ nó cái, sớm hiểu được có tiểu hài thế này phiền phức, đánh chết lão tử cũng không cho ngươi cái oa nhi ra. Người này lúc ấy làm an nhàn, hiện tại chẳng những làm không thành còn được hầu hạ cái này tiểu tổ tông.</ns0:content>
		<ns0:published>2019-08-19T11:45:19+02:00</ns0:published>
		<ns0:title type="html">Lão bà ở cữ</ns0:title>
		<ns0:link href="https://docs.google.com/uc?id=1e6zTo7Dnx1opgNd8oLhlw6Qumz8hdGYG" rel="enclosure" type="vi" length="0"/>
		<ns0:link href="https://docs.google.com/uc?id=1-SHa0alKRcMpjBaDEUhbyz138a1Y-IgA" rel="enclosure" type="cn" length="0"/>
	</ns0:entry>


	<ns0:entry>
		<ns0:category scheme="http://www.blogger.com/atom/ns#" term="Convert" />
		<ns0:category scheme="http://www.blogger.com/atom/ns#" term="Full" />
		<ns0:category scheme="http://schemas.google.com/g/2005#kind" term="http://schemas.google.com/blogger/2008/kind#post" />
		<ns0:id>post-2033</ns0:id>
		<ns0:content type="html">33 chương, 354.41KB&lt;br/&gt;---o0o---&lt;br&gt;Mụ mụ là đủ xinh đẹp , bất kỳ cái gì nam nhân đều khó mà ngăn cản, hắn từ nhỏ đã nhìn đủ nam nhân trưởng thành xem mụ mụ ánh mắt, lúc mới bắt đầu hắn sẽ cảm thấy phẫn nộ, nhưng lâu liền tập mãi thành thói quen rồi; có khi mụ mụ mặc bên trên vượt ra khỏi bình thường , liền chính hắn đều sẽ nhịn không được nhiều nhìn lén vài lần. Nhưng hắn từ hiểu sơ nhân sự lên liền xưa nay không thiếu hài tử vây quanh ở hắn một bên, lấy tâm hắn, cho nên đối mụ mụ hắn mới chưa từng có cái gì quá nhiều cảm giác đi. . . Nhưng không biết mụ mụ có hay không nghĩ tới những nam nhân khác, hoặc thậm chí tuổi trẻ . . . Nam nhân?</ns0:content>
		<ns0:published>2019-08-19T14:50:06+02:00</ns0:published>
		<ns0:title type="html">Trong núi phòng nhỏ</ns0:title>
		<ns0:link href="https://docs.google.com/uc?id=1dgxt5DsGhxBOCJ3vlX14WeVrAA7CVvUw" rel="enclosure" type="vi" length="0"/>
		<ns0:link href="https://docs.google.com/uc?id=15zVFzex--3O5iJ0CxAtK3K0AArunoUEN" rel="enclosure" type="cn" length="0"/>
	</ns0:entry>


	<ns0:entry>
		<ns0:category scheme="http://www.blogger.com/atom/ns#" term="Convert" />
		<ns0:category scheme="http://www.blogger.com/atom/ns#" term="Full" />
		<ns0:category scheme="http://schemas.google.com/g/2005#kind" term="http://schemas.google.com/blogger/2008/kind#post" />
		<ns0:id>post-2034</ns0:id>
		<ns0:content type="html">26 chương, 331.44KB&lt;br/&gt;---o0o---&lt;br&gt;Tuần tùng tử -- Kim Linh, thất nghiệp ở nhà, 30 tuổi thiếu phụ, trước hôn nhân cũng là một đóa hoa, cưới sau thế nào liền chẳng ra sao cả -- đây là tuần tùng cách nhìn, chí ít tại trên sinh hoạt nàng đã đã mất đi lực hút, trước hôn nhân tại trên sinh hoạt nàng cũng phối hợp , cưới sau thời gian dần qua để tuần tùng đến tử tựa hồ có chút lạnh.</ns0:content>
		<ns0:published>2019-08-19T17:37:56+02:00</ns0:published>
		<ns0:title type="html">Thê tử Kim Linh</ns0:title>
		<ns0:link href="https://docs.google.com/uc?id=1k941or7ny5zkNApoaOaAoX4Jn40TfFna" rel="enclosure" type="vi" length="0"/>
		<ns0:link href="https://docs.google.com/uc?id=1pHaFs7G0DfziZIdpVju8xGvhrHRv9pZr" rel="enclosure" type="cn" length="0"/>
	</ns0:entry>


	<ns0:entry>
		<ns0:category scheme="http://www.blogger.com/atom/ns#" term="Convert" />
		<ns0:category scheme="http://www.blogger.com/atom/ns#" term="Full" />
		<ns0:category scheme="http://schemas.google.com/g/2005#kind" term="http://schemas.google.com/blogger/2008/kind#post" />
		<ns0:id>post-2035</ns0:id>
		<ns0:content type="html">32 chương, 395.75KB&lt;br/&gt;---o0o---&lt;br&gt;Đưa mắt nhìn phụ tử rời đi, tơ liễu đóng cửa thật kỹ, thu thập xong bát đũa. Cách giờ làm việc còn sớm, tơ liễu đi vào phòng vệ sinh hạ phục mở ra tắm gội, đơn giản xông tắm một cái, đối tấm gương vừa lau lau vừa thưởng thức mình thể. Trong kính người trắng nõn thanh thuần, mặc dù ba mươi lăm , vẫn là như vậy tuổi trẻ xinh đẹp, phòng, mảnh khảnh, tròn trịa , giữa hai chân nồng đậm phi thường dễ thấy. Nhìn mình trong kiếng, tơ liễu chưa phát giác khẽ thở dài một tiếng, chậm rãi mặc phục, lại liếc mắt nhìn mình trong kính, lắc đầu, cất bước đi ra khỏi nhà.</ns0:content>
		<ns0:published>2019-08-19T20:32:08+02:00</ns0:published>
		<ns0:title type="html">Bình thường kích tình</ns0:title>
		<ns0:link href="https://docs.google.com/uc?id=1r86xH6QWxhGJpRIjGkyQuE77ZsrFATyD" rel="enclosure" type="vi" length="0"/>
		<ns0:link href="https://docs.google.com/uc?id=1Gw2uVvvqVaXPyKxxV74rpAwIoVBkrDuT" rel="enclosure" type="cn" length="0"/>
	</ns0:entry>


	<ns0:entry>
		<ns0:category scheme="http://www.blogger.com/atom/ns#" term="Convert" />
		<ns0:category scheme="http://www.blogger.com/atom/ns#" term="Full" />
		<ns0:category scheme="http://schemas.google.com/g/2005#kind" term="http://schemas.google.com/blogger/2008/kind#post" />
		<ns0:id>post-2036</ns0:id>
		<ns0:content type="html">18 chương, 283.13KB&lt;br/&gt;---o0o---&lt;br&gt;Nam nhân tại trong cái gạt tàn thuốc tắt khói, chớ dao mới vừa ở bên cạnh hạ, hắn một cánh tay liền ôm lên người , động tác kia, kia dĩ nhiên tựa như là nhiều năm phu. Chớ dao giống cái kia trong gió dương liễu yếu đuối vô lực hướng nam nhân ngã xuống, phút cuối cùng chưa quên kinh hô một tiếng, cái này âm thanh kinh hô toàn bộ hàm nghĩa là: Cỡ nào lỗ động tác, cỡ nào ngoài dự liệu a! Tại sao có thể như vậy chứ. Nam nhân cứ như vậy, con mắt nhìn xem trong ngực ngọc dung, một tay chỉ nhẹ nhàng vịn đỏ bừng miệng. Đương nam nhân nhẹ nhàng giải khai chớ dao trên áo sơ mi mặt hai viên cúc áo lúc, nàng thể bắt đầu không hiểu rung động. Không được, nhất định phải biểu thị chút gì, nhất định phải làm chút gì.</ns0:content>
		<ns0:published>2019-08-19T23:22:28+02:00</ns0:published>
		<ns0:title type="html">騒 động hoàng hôn</ns0:title>
		<ns0:link href="https://docs.google.com/uc?id=1lbQ04XLgfdGGc7qzdss8xUoYAl_28w6_" rel="enclosure" type="vi" length="0"/>
		<ns0:link href="https://docs.google.com/uc?id=1H-GM84zyWs0uMfaaljODmrsgDWkGp4A8" rel="enclosure" type="cn" length="0"/>
	</ns0:entry>


	<ns0:entry>
		<ns0:category scheme="http://www.blogger.com/atom/ns#" term="Convert" />
		<ns0:category scheme="http://www.blogger.com/atom/ns#" term="Full" />
		<ns0:category scheme="http://schemas.google.com/g/2005#kind" term="http://schemas.google.com/blogger/2008/kind#post" />
		<ns0:id>post-2037</ns0:id>
		<ns0:content type="html">8 chương, 96.28KB&lt;br/&gt;---o0o---&lt;br&gt;Cơ tia đinh nàng năm nay tám chín tuổi, đã kết hôn, a, nguyên lai nàng là cái đã gả ăn ở nhà tử, ở thiếu phụ a, nàng sơ tới công ty không lâu, đương nhiên tất cả mọi người không phải quá rơi đi, nhưng là trải qua cái nhiều tháng thời gian trong công ty ở chung về sau, lẫn nhau đều rơi đi lên, chúng ta sẽ còn tại cơm trưa thời gian cùng nhau xuất ngoại ăn cơm đâu, chúng ta ở chung càng lâu, ta liền đối nàng càng ngày càng có niệm. Chúng ta thường tại ăn cơm trưa lúc, đều sẽ nói một chút so sánh trò cười đến nhẹ nhõm một phen , mà ta cũng phát hiện cơ tia đinh cũng rất nói cái này trò cười nha, hắc, nàng quả thật là một đầu thiếu phụ nha.</ns0:content>
		<ns0:published>2019-08-20T02:32:26+02:00</ns0:published>
		<ns0:title type="html">Mạnh lên người thê</ns0:title>
		<ns0:link href="https://docs.google.com/uc?id=1-h8pkIy7sZweMmilnZ2nT7qCEvT3LU03" rel="enclosure" type="vi" length="0"/>
		<ns0:link href="https://docs.google.com/uc?id=1biaNOHYNpRCP_b_ybkrs5r1SrOSARQ5v" rel="enclosure" type="cn" length="0"/>
	</ns0:entry>


	<ns0:entry>
		<ns0:category scheme="http://www.blogger.com/atom/ns#" term="Convert" />
		<ns0:category scheme="http://www.blogger.com/atom/ns#" term="Full" />
		<ns0:category scheme="http://schemas.google.com/g/2005#kind" term="http://schemas.google.com/blogger/2008/kind#post" />
		<ns0:id>post-2038</ns0:id>
		<ns0:content type="html">11 chương, 158.2KB&lt;br/&gt;---o0o---&lt;br&gt;Con dâu tên gọi đào nguyệt, nhìn qua người cũng như tên, dáng dấp rất văn tĩnh, nhàn nhạt đôi mi thanh tú, một đôi người hạnh nhân mắt, miệng nhỏ không lớn, nhưng hơi nhếch lên, luôn luôn cho người ta một loại mỉm cười cảm giác, bình thường ta luôn luôn gọi nàng nguyệt nguyệt. Nguyệt nguyệt cùng nhi tử tình cũng rất tốt, nhìn qua cùng nhi tử cũng rất xứng . Nhi tử là học máy tính , gần nhất đầu đề của bọn họ tổ gánh chịu một hạng có quan hệ hàng không vũ trụ phương diện đầu đề, nhi tử bị phái đi nước ngoài học tập nửa năm. Trước khi đi, cô dâu mới không ngừng tình chàng ý thiếp một lúc lâu. Nhi tử sau khi đi, ta cùng con dâu sinh hoạt vẫn là giống như trước kia, bình tĩnh như nước.</ns0:content>
		<ns0:published>2019-08-20T05:51:01+02:00</ns0:published>
		<ns0:title type="html">Ta cùng con dâu tình cảm lưu luyến</ns0:title>
		<ns0:link href="https://docs.google.com/uc?id=12qocODA4hAN_UDJeUFl69UBNvhq9MKVM" rel="enclosure" type="vi" length="0"/>
		<ns0:link href="https://docs.google.com/uc?id=1k5MHpy975c1fPhroUxm8lxeSuKeP76jJ" rel="enclosure" type="cn" length="0"/>
	</ns0:entry>


	<ns0:entry>
		<ns0:category scheme="http://www.blogger.com/atom/ns#" term="Convert" />
		<ns0:category scheme="http://www.blogger.com/atom/ns#" term="Full" />
		<ns0:category scheme="http://schemas.google.com/g/2005#kind" term="http://schemas.google.com/blogger/2008/kind#post" />
		<ns0:id>post-2039</ns0:id>
		<ns0:content type="html">21 chương, 222.3KB&lt;br/&gt;---o0o---&lt;br&gt;Mùa hè ban đêm mặt trăng treo chân trời có chút một tia gió mát, lão đại chấn lễ bởi vì lão bà đi huấn luyện buồn bực được ngủ không yên, đến sân vườn tản bộ, yên tĩnh trong đêm tối chỉ có trùng âm thanh chít chít. . . Đột nhiên một cái bóng đen len lén hướng văn khải phòng ở phương hướng quá khứ, lại nhìn lên người kia không phải lão ba sao? Nghi bên trong sinh ám quỷ, gây nên chấn lễ hiếu kì giám thị 20 phút sau, lại đi một thăm dò hư thực, chấn lễ rón rén vòng qua rừng trúc xuyên qua thấp bụi cây đến bên cửa sổ, lúc này theo văn khải trong phòng truyền ra người hơi thở thân âm thanh</ns0:content>
		<ns0:published>2019-08-20T08:56:52+02:00</ns0:published>
		<ns0:title type="html">Cả nhà nhạc vui hòa</ns0:title>
		<ns0:link href="https://docs.google.com/uc?id=1U6509-Sh2wP5T1hTtPk0I9_Z7ZlZZBvn" rel="enclosure" type="vi" length="0"/>
		<ns0:link href="https://docs.google.com/uc?id=1u0qvouHNzGOZ8Rf-aPSco-xPasCSENxc" rel="enclosure" type="cn" length="0"/>
	</ns0:entry>


	<ns0:entry>
		<ns0:category scheme="http://www.blogger.com/atom/ns#" term="Convert" />
		<ns0:category scheme="http://www.blogger.com/atom/ns#" term="Full" />
		<ns0:category scheme="http://schemas.google.com/g/2005#kind" term="http://schemas.google.com/blogger/2008/kind#post" />
		<ns0:id>post-2040</ns0:id>
		<ns0:content type="html">40 chương, 841.98KB&lt;br/&gt;---o0o---&lt;br&gt;Ta ở tại vùng sông nước nước thôn, là một cái xa gần nghe tiếng tên đô con, lúc trước trong thôn mấy cái nhỏ vô lại đến ta nhà cậu nháo sự, ta cữu mụ bận bịu chạy đến nhà ta tìm ta, ta không nói hai lời, đi theo. Một người đối mấy người, nắm đấm đối chủy thủ, thuần thục, đem bọn hắn đánh cho tìm răng, xấu hổ giận dữ mà đi. Đến tận đây, người người đều biết, lão Vương gia tiểu tử là cái đánh nhau hảo thủ. Những cái kia nhỏ vô lại nhìn thấy ta tượng chuột thấy mèo, xa xa trốn tránh, thực sự tránh không khỏi, liền nhiệt tình đánh với ta chào hỏi, xưng &quot;Vương ca&quot; ta cũng không thể làm được quá tuyệt, gật gật đầu, cho bọn hắn một bộ mặt.</ns0:content>
		<ns0:published>2019-08-20T11:47:39+02:00</ns0:published>
		<ns0:title type="html">Giã quang huy hoang dã</ns0:title>
		<ns0:link href="https://docs.google.com/uc?id=1TyzcY9DXhxXzLp44rbjOL9rcPqZrDjU5" rel="enclosure" type="vi" length="0"/>
		<ns0:link href="https://docs.google.com/uc?id=1u1uiOD6alxotbiCIxWLqU640NSMtefUg" rel="enclosure" type="cn" length="0"/>
	</ns0:entry>


</ns0:feed>
